USE `paw-match-db`;

-- animal
insert into animal (animal_id, name, age_months, intake_date, status, species , breed, flagged) values (1, 'Two-toed tree sloth', 224, '12/22/2010', 'Medical Hold', 'Rabbit', 'Siamese Cat', false);
insert into animal (animal_id, name, age_months, intake_date, status, species , breed, flagged) values (2, 'Lion, steller''s sea', 125, '11/5/2004', 'Fostered', 'Cat', 'Golden Retriever', false);
insert into animal (animal_id, name, age_months, intake_date, status, species , breed, flagged) values (3, 'Salmon, sockeye', 108, '5/8/2018', 'Adopted', 'Rabbit', 'Persian Cat', true);
insert into animal (animal_id, name, age_months, intake_date, status, species , breed, flagged) values (4, 'Lemur, lesser mouse', 151, '12/13/2010', 'Adopted', 'Other', 'Golden Retriever', false);
insert into animal (animal_id, name, age_months, intake_date, status, species , breed, flagged) values (5, 'Booby, blue-faced', 92, '6/17/2003', 'Adopted', 'Cat', 'Golden Retriever', true);
insert into animal (animal_id, name, age_months, intake_date, status, species , breed, flagged) values (6, 'Blackbird, red-winged', 50, '10/22/2018', 'Pending Adoption', 'Other', 'Persian Cat', false);
insert into animal (animal_id, name, age_months, intake_date, status, species , breed, flagged) values (7, 'Lesser masked weaver', 184, '10/31/2003', 'Pending Adoption', 'Cat', 'Persian Cat', true);
insert into animal (animal_id, name, age_months, intake_date, status, species , breed, flagged) values (8, 'Heron, goliath', 169, '12/19/2009', 'Adopted', 'Other', 'Siamese Cat', false);
insert into animal (animal_id, name, age_months, intake_date, status, species , breed, flagged) values (9, 'Shark, blue', 114, '11/5/2014', 'Adopted', 'Dog', 'Siamese Cat', true);
insert into animal (animal_id, name, age_months, intake_date, status, species , breed, flagged) values (10, 'Striped hyena', 219, '3/18/2000', 'Available', 'Rabbit', 'Golden Retriever', true);
insert into animal (animal_id, name, age_months, intake_date, status, species , breed, flagged) values (11, 'African bush squirrel', 236, '9/14/2011', 'Pending Adoption', 'Other', 'German Shepherd', false);
insert into animal (animal_id, name, age_months, intake_date, status, species , breed, flagged) values (12, 'Ferret, black-footed', 202, '9/23/2011', 'Medical Hold', 'Rabbit', 'Labrador Retriever', true);
insert into animal (animal_id, name, age_months, intake_date, status, species , breed, flagged) values (13, 'Cape fox', 72, '4/25/2006', 'Medical Hold', 'Rabbit', 'German Shepherd', false);
insert into animal (animal_id, name, age_months, intake_date, status, species , breed, flagged) values (14, 'Rhea, common', 157, '4/13/2014', 'Medical Hold', 'Dog', 'Labrador Retriever', false);
insert into animal (animal_id, name, age_months, intake_date, status, species , breed, flagged) values (15, 'African polecat', 236, '1/28/2009', 'Available', 'Rabbit', 'German Shepherd', false);
insert into animal (animal_id, name, age_months, intake_date, status, species , breed, flagged) values (16, 'Zorro, common', 181, '12/5/2021', 'Available', 'Dog', 'Labrador Retriever', false);
insert into animal (animal_id, name, age_months, intake_date, status, species , breed, flagged) values (17, 'Wallaby, whip-tailed', 167, '4/25/2004', 'Adopted', 'Dog', 'Labrador Retriever', false);
insert into animal (animal_id, name, age_months, intake_date, status, species , breed, flagged) values (18, 'Pintail, bahama', 160, '1/21/2006', 'Fostered', 'Other', 'German Shepherd', true);
insert into animal (animal_id, name, age_months, intake_date, status, species , breed, flagged) values (19, 'Brindled gnu', 118, '1/25/2003', 'Available', 'Rabbit', 'Persian Cat', false);
insert into animal (animal_id, name, age_months, intake_date, status, species , breed, flagged) values (20, 'White-rumped vulture', 118, '7/14/2011', 'Pending Adoption', 'Dog', 'Persian Cat', false);
insert into animal (animal_id, name, age_months, intake_date, status, species , breed, flagged) values (21, 'Long-nosed bandicoot', 93, '12/3/2017', 'Adopted', 'Cat', 'Labrador Retriever', false);
insert into animal (animal_id, name, age_months, intake_date, status, species , breed, flagged) values (22, 'Lizard, blue-tongued', 11, '1/8/2012', 'Adopted', 'Dog', 'Siamese Cat', false);
insert into animal (animal_id, name, age_months, intake_date, status, species , breed, flagged) values (23, 'Spotted deer', 57, '12/18/2008', 'Pending Adoption', 'Rabbit', 'Labrador Retriever', false);
insert into animal (animal_id, name, age_months, intake_date, status, species , breed, flagged) values (24, 'Dove, mourning collared', 139, '12/21/2004', 'Adopted', 'Dog', 'Persian Cat', false);
insert into animal (animal_id, name, age_months, intake_date, status, species , breed, flagged) values (25, 'Snake, green vine', 112, '2/5/2011', 'Available', 'Cat', 'Persian Cat', false);
insert into animal (animal_id, name, age_months, intake_date, status, species , breed, flagged) values (26, 'Shelduck, european', 240, '9/10/2008', 'Pending Adoption', 'Dog', 'Persian Cat', false);
insert into animal (animal_id, name, age_months, intake_date, status, species , breed, flagged) values (27, 'Polecat, african', 84, '2/15/2005', 'Available', 'Dog', 'Labrador Retriever', false);
insert into animal (animal_id, name, age_months, intake_date, status, species , breed, flagged) values (28, 'Baleen whale', 209, '3/10/2006', 'Available', 'Other', 'German Shepherd', false);
insert into animal (animal_id, name, age_months, intake_date, status, species , breed, flagged) values (29, 'African fish eagle', 59, '8/18/2021', 'Pending Adoption', 'Rabbit', 'Siamese Cat', true);
insert into animal (animal_id, name, age_months, intake_date, status, species , breed, flagged) values (30, 'African clawless otter', 154, '10/23/2012', 'Fostered', 'Rabbit', 'German Shepherd', false);
insert into animal (animal_id, name, age_months, intake_date, status, species , breed, flagged) values (31, 'Dog, bush', 192, '4/17/2002', 'Available', 'Rabbit', 'Persian Cat', true);
insert into animal (animal_id, name, age_months, intake_date, status, species , breed, flagged) values (32, 'Goose, andean', 16, '1/9/2021', 'Fostered', 'Cat', 'Siamese Cat', false);
insert into animal (animal_id, name, age_months, intake_date, status, species , breed, flagged) values (33, 'Heron, gray', 165, '12/30/2018', 'Fostered', 'Rabbit', 'Persian Cat', false);
insert into animal (animal_id, name, age_months, intake_date, status, species , breed, flagged) values (34, 'Beaver, north american', 182, '5/18/2014', 'Pending Adoption', 'Other', 'German Shepherd', false);
insert into animal (animal_id, name, age_months, intake_date, status, species , breed, flagged) values (35, 'Goliath heron', 206, '1/3/2018', 'Fostered', 'Other', 'Siamese Cat', false);
insert into animal (animal_id, name, age_months, intake_date, status, species , breed, flagged) values (36, 'Waxbill, violet-eared', 110, '2/10/2019', 'Adopted', 'Rabbit', 'Siamese Cat', true);
insert into animal (animal_id, name, age_months, intake_date, status, species , breed, flagged) values (37, 'Sage grouse', 64, '7/2/2020', 'Pending Adoption', 'Cat', 'Siamese Cat', false);
insert into animal (animal_id, name, age_months, intake_date, status, species , breed, flagged) values (38, 'Sloth, pale-throated three-toed', 144, '2/28/2008', 'Fostered', 'Dog', 'Persian Cat', false);
insert into animal (animal_id, name, age_months, intake_date, status, species , breed, flagged) values (39, 'Vine snake (unidentified)', 136, '9/7/2013', 'Fostered', 'Cat', 'Persian Cat', true);
insert into animal (animal_id, name, age_months, intake_date, status, species , breed, flagged) values (40, 'Malleefowl', 225, '12/27/2017', 'Fostered', 'Rabbit', 'Siamese Cat', false);

-- adopter
insert into adopter (adopter_id, first_name, last_name, email, phone, address) values (1, 'Lelah', 'Knath', 'lknath0@theguardian.com', '194-408-8884', '0301 Onsgard Trail');
insert into adopter (adopter_id, first_name, last_name, email, phone, address) values (2, 'Brenda', 'Robbie', 'brobbie1@studiopress.com', '139-436-6760', '901 Schlimgen Avenue');
insert into adopter (adopter_id, first_name, last_name, email, phone, address) values (3, 'Dud', 'Ricciardo', 'dricciardo2@upenn.edu', '953-204-9328', '49584 Memorial Road');
insert into adopter (adopter_id, first_name, last_name, email, phone, address) values (4, 'Pauly', 'Doogood', 'pdoogood3@shinystat.com', '953-754-8939', '2308 Fairview Court');
insert into adopter (adopter_id, first_name, last_name, email, phone, address) values (5, 'Velma', 'Ondrak', 'vondrak4@acquirethisname.com', '924-611-8202', '317 Sage Trail');
insert into adopter (adopter_id, first_name, last_name, email, phone, address) values (6, 'Kylen', 'Kilmurry', 'kkilmurry5@thetimes.co.uk', '217-563-9671', '01302 Westridge Terrace');
insert into adopter (adopter_id, first_name, last_name, email, phone, address) values (7, 'Jillana', 'Foxton', 'jfoxton6@toplist.cz', '259-753-2658', '13757 Dexter Street');
insert into adopter (adopter_id, first_name, last_name, email, phone, address) values (8, 'Sophia', 'Fursse', 'sfursse7@etsy.com', '561-922-6964', '53 Dennis Court');
insert into adopter (adopter_id, first_name, last_name, email, phone, address) values (9, 'Milty', 'Pratt', 'mpratt8@meetup.com', '880-546-6434', '89521 Montana Lane');
insert into adopter (adopter_id, first_name, last_name, email, phone, address) values (10, 'Grier', 'Giacobazzi', 'ggiacobazzi9@toplist.cz', '338-380-7608', '273 Fisk Place');
insert into adopter (adopter_id, first_name, last_name, email, phone, address) values (11, 'Janka', 'Gillbe', 'jgillbea@booking.com', '533-643-5281', '1 4th Trail');
insert into adopter (adopter_id, first_name, last_name, email, phone, address) values (12, 'Finley', 'Vowell', 'fvowellb@wordpress.com', '419-219-5324', '21546 Declaration Circle');
insert into adopter (adopter_id, first_name, last_name, email, phone, address) values (13, 'Yale', 'Stears', 'ystearsc@merriam-webster.com', '300-274-2402', '5 Magdeline Avenue');
insert into adopter (adopter_id, first_name, last_name, email, phone, address) values (14, 'Leigha', 'Freeth', 'lfreethd@state.gov', '945-758-4840', '7 Springs Circle');
insert into adopter (adopter_id, first_name, last_name, email, phone, address) values (15, 'Konstantine', 'Moorcroft', 'kmoorcrofte@microsoft.com', '128-521-5948', '995 Amoth Street');
insert into adopter (adopter_id, first_name, last_name, email, phone, address) values (16, 'Andras', 'McMorland', 'amcmorlandf@flavors.me', '511-712-5694', '3770 Acker Point');
insert into adopter (adopter_id, first_name, last_name, email, phone, address) values (17, 'Laurens', 'Paulus', 'lpaulusg@unicef.org', '562-261-5269', '54 Kinsman Road');
insert into adopter (adopter_id, first_name, last_name, email, phone, address) values (18, 'Sylvan', 'Goulter', 'sgoulterh@shareasale.com', '485-179-7973', '2960 Esker Road');
insert into adopter (adopter_id, first_name, last_name, email, phone, address) values (19, 'Cassey', 'Crang', 'ccrangi@twitter.com', '866-748-2046', '9 Ludington Street');
insert into adopter (adopter_id, first_name, last_name, email, phone, address) values (20, 'Jock', 'Spenton', 'jspentonj@guardian.co.uk', '954-373-3784', '960 Merrick Hill');
insert into adopter (adopter_id, first_name, last_name, email, phone, address) values (21, 'Opalina', 'Belliard', 'obelliardk@delicious.com', '407-300-2952', '7 Bartelt Junction');
insert into adopter (adopter_id, first_name, last_name, email, phone, address) values (22, 'Coral', 'Bertome', 'cbertomel@live.com', '946-986-2305', '94 Graceland Way');
insert into adopter (adopter_id, first_name, last_name, email, phone, address) values (23, 'Danny', 'Daftor', 'ddaftorm@imageshack.us', '426-468-8957', '61 Lerdahl Lane');
insert into adopter (adopter_id, first_name, last_name, email, phone, address) values (24, 'Karlyn', 'Barbisch', 'kbarbischn@yahoo.com', '442-974-8474', '9459 Carioca Place');
insert into adopter (adopter_id, first_name, last_name, email, phone, address) values (25, 'Courtney', 'Hardson', 'chardsono@opensource.org', '640-214-6090', '70205 Warner Terrace');
insert into adopter (adopter_id, first_name, last_name, email, phone, address) values (26, 'Tedd', 'Smieton', 'tsmietonp@merriam-webster.com', '158-567-4944', '35341 Loftsgordon Hill');
insert into adopter (adopter_id, first_name, last_name, email, phone, address) values (27, 'Robinet', 'Chugg', 'rchuggq@redcross.org', '372-415-2188', '133 Mallard Drive');
insert into adopter (adopter_id, first_name, last_name, email, phone, address) values (28, 'Craig', 'Mityukov', 'cmityukovr@blog.com', '525-513-0028', '918 Lighthouse Bay Road');
insert into adopter (adopter_id, first_name, last_name, email, phone, address) values (29, 'Sonja', 'Giovanizio', 'sgiovanizios@sciencedaily.com', '134-146-1713', '76 Eagan Court');
insert into adopter (adopter_id, first_name, last_name, email, phone, address) values (30, 'Forbes', 'Quibell', 'fquibellt@woothemes.com', '751-699-3238', '57510 Hallows Hill');
insert into adopter (adopter_id, first_name, last_name, email, phone, address) values (31, 'Alasdair', 'London', 'alondonu@sohu.com', '428-684-0177', '46 Eagle Crest Drive');
insert into adopter (adopter_id, first_name, last_name, email, phone, address) values (32, 'Kassi', 'Orlton', 'korltonv@omniture.com', '443-372-6518', '29348 Forest Run Avenue');
insert into adopter (adopter_id, first_name, last_name, email, phone, address) values (33, 'Ynes', 'Reolfo', 'yreolfow@e-recht24.de', '582-568-9500', '6 Nova Avenue');
insert into adopter (adopter_id, first_name, last_name, email, phone, address) values (34, 'Jenilee', 'Paladino', 'jpaladinox@typepad.com', '695-690-6857', '6068 Bluejay Trail');
insert into adopter (adopter_id, first_name, last_name, email, phone, address) values (35, 'Britni', 'Billington', 'bbillingtony@so-net.ne.jp', '891-841-9630', '8 Huxley Crossing');
insert into adopter (adopter_id, first_name, last_name, email, phone, address) values (36, 'Bradney', 'Philippeaux', 'bphilippeauxz@4shared.com', '323-461-6501', '5222 Oneill Circle');
insert into adopter (adopter_id, first_name, last_name, email, phone, address) values (37, 'Isidora', 'Kehri', 'ikehri10@earthlink.net', '622-554-5411', '16261 Gulseth Hill');
insert into adopter (adopter_id, first_name, last_name, email, phone, address) values (38, 'Lotta', 'Marnane', 'lmarnane11@wsj.com', '757-791-3675', '3835 Florence Parkway');
insert into adopter (adopter_id, first_name, last_name, email, phone, address) values (39, 'Sibel', 'Lamont', 'slamont12@mapy.cz', '455-348-7719', '687 Beilfuss Court');
insert into adopter (adopter_id, first_name, last_name, email, phone, address) values (40, 'Laina', 'Karchewski', 'lkarchewski13@cornell.edu', '431-333-3384', '26 Garrison Avenue');

-- employee
insert into employee (employee_id, first_name, last_name, email, password, address, created_at) values (1, 'Felic', 'Gilfether', 'fgilfether0@myspace.com', 'sE1\}/~K|', '503 Mcbride Alley', '3/28/2025');
insert into employee (employee_id, first_name, last_name, email, password, address, created_at) values (2, 'Ethelda', 'Golby', 'egolby1@behance.net', 'qT4.FDQ?NNx\F''', '7863 Summerview Hill', '5/12/2025');
insert into employee (employee_id, first_name, last_name, email, password, address, created_at) values (3, 'Briney', 'Cluet', 'bcluet2@sitemeter.com', 'gR0.!ACgBb', '31895 Susan Point', '8/25/2025');
insert into employee (employee_id, first_name, last_name, email, password, address, created_at) values (4, 'Murdock', 'Samsonsen', 'msamsonsen3@wisc.edu', 'eE9+XNIH.6k', '97 Luster Way', '3/8/2025');
insert into employee (employee_id, first_name, last_name, email, password, address, created_at) values (5, 'Guilbert', 'Robbel', 'grobbel4@independent.co.uk', 'dA1(9+Qj_!', '7433 Corry Point', '4/17/2025');
insert into employee (employee_id, first_name, last_name, email, password, address, created_at) values (6, 'Ansell', 'Vaune', 'avaune5@gravatar.com', 'zX3{zGb<rU', '90 Waxwing Pass', '1/18/2025');
insert into employee (employee_id, first_name, last_name, email, password, address, created_at) values (7, 'Anselma', 'Drinkhall', 'adrinkhall6@a8.net', 'wO0,"e<+4', '5147 Prairie Rose Point', '2/23/2025');
insert into employee (employee_id, first_name, last_name, email, password, address, created_at) values (8, 'Ameline', 'Annis', 'aannis7@nhs.uk', 'wM0<eA/B@', '77199 Arkansas Alley', '12/15/2025');
insert into employee (employee_id, first_name, last_name, email, password, address, created_at) values (9, 'Gates', 'Wrigley', 'gwrigley8@disqus.com', 'xF1{BF5IL{', '44 Burrows Circle', '2/14/2025');
insert into employee (employee_id, first_name, last_name, email, password, address, created_at) values (10, 'Jaclyn', 'Balogh', 'jbalogh9@cargocollective.com', 'yH0*.,,|(y+)qD~M', '91 Butternut Parkway', '10/6/2025');
insert into employee (employee_id, first_name, last_name, email, password, address, created_at) values (11, 'Golda', 'Lauga', 'glaugaa@psu.edu', 'cB7#hX@aq\>wsr', '0 Lillian Street', '1/28/2025');
insert into employee (employee_id, first_name, last_name, email, password, address, created_at) values (12, 'Feodora', 'Gooderick', 'fgooderickb@dailymotion.com', 'zX6?XL)++xC', '42714 Vera Circle', '7/14/2025');
insert into employee (employee_id, first_name, last_name, email, password, address, created_at) values (13, 'Leilah', 'Haresnape', 'lharesnapec@istockphoto.com', 'kO1+nyGnZXvis(Iw', '207 Bobwhite Alley', '11/9/2025');
insert into employee (employee_id, first_name, last_name, email, password, address, created_at) values (14, 'Elliott', 'Copley', 'ecopleyd@livejournal.com', 'lG7$$ajJ', '49 Schmedeman Terrace', '1/28/2005');
insert into employee (employee_id, first_name, last_name, email, password, address, created_at) values (15, 'Teriann', 'Lighterness', 'tlighternesse@1688.com', 'bV9#R=N`qa+(', '2306 Lunder Plaza', '10/2/2025');
insert into employee (employee_id, first_name, last_name, email, password, address, created_at) values (16, 'Donovan', 'Rubra', 'drubraf@wordpress.org', 'zR6|1tRK', '92 Sloan Plaza', '9/12/2025');
insert into employee (employee_id, first_name, last_name, email, password, address, created_at) values (17, 'Kizzie', 'Walenta', 'kwalentag@tiny.cc', 'dV5%d''4q', '3745 Mariners Cove Avenue', '5/5/2025');
insert into employee (employee_id, first_name, last_name, email, password, address, created_at) values (18, 'Rouvin', 'Service', 'rserviceh@baidu.com', 'oP2?"~6_@kRA#Q', '924 Chinook Avenue', '9/14/2025');
insert into employee (employee_id, first_name, last_name, email, password, address, created_at) values (19, 'Ari', 'Skaife d''Ingerthorpe', 'askaifedingerthorpei@tiny.cc', 'gF8@v<XEt', '32505 Linden Way', '9/12/2025');
insert into employee (employee_id, first_name, last_name, email, password, address, created_at) values (20, 'Cortie', 'Grinley', 'cgrinleyj@themeforest.net', 'vD3"2F#16!m(', '0 Gateway Court', '4/17/2025');
insert into employee (employee_id, first_name, last_name, email, password, address, created_at) values (21, 'Grace', 'Faustin', 'gfaustink@istockphoto.com', 'uI9/@FQ?>{', '38 Leroy Point', '1/2/2024');
insert into employee (employee_id, first_name, last_name, email, password, address, created_at) values (22, 'Will', 'Ferras', 'wferrasl@wufoo.com', 'hS5"b._Mw%l%th', '3 Jenna Plaza', '4/15/2025');
insert into employee (employee_id, first_name, last_name, email, password, address, created_at) values (23, 'Sheba', 'Blueman', 'sbluemanm@nhs.uk', 'hH9|k5`hMjyU', '7763 Debra Junction', '9/18/2025');
insert into employee (employee_id, first_name, last_name, email, password, address, created_at) values (24, 'Ronnica', 'Stitfall', 'rstitfalln@ycombinator.com', 'yD5+bO<)', '697 8th Junction', '9/3/2025');
insert into employee (employee_id, first_name, last_name, email, password, address, created_at) values (25, 'Ced', 'Maryon', 'cmaryono@businessweek.com', 'fC6.!u"4/8Rrp1', '22 Sachs Drive', '10/21/2025');
insert into employee (employee_id, first_name, last_name, email, password, address, created_at) values (26, 'Clarine', 'Chatan', 'cchatanp@npr.org', 'fA3(=l%lDR4/{9T', '6387 Hermina Plaza', '2/21/2023');
insert into employee (employee_id, first_name, last_name, email, password, address, created_at) values (27, 'Miller', 'Garrud', 'mgarrudq@jimdo.com', 'hF8`*{i+$o', '77856 Superior Avenue', '8/11/2025');
insert into employee (employee_id, first_name, last_name, email, password, address, created_at) values (28, 'Dylan', 'Woodlands', 'dwoodlandsr@shutterfly.com', 'vM5*q`c"d', '672 Fieldstone Pass', '6/5/2025');
insert into employee (employee_id, first_name, last_name, email, password, address, created_at) values (29, 'Wylma', 'Marages', 'wmaragess@stanford.edu', 'nC5_+J4WEji', '93392 Buhler Road', '11/12/2025');
insert into employee (employee_id, first_name, last_name, email, password, address, created_at) values (30, 'Tuck', 'Aizikov', 'taizikovt@dion.ne.jp', 'fL2#G.{=~8q5B', '69066 Valley Edge Park', '5/2/2025');
insert into employee (employee_id, first_name, last_name, email, password, address, created_at) values (31, 'Bone', 'Goodhay', 'bgoodhayu@japanpost.jp', 'jQ5|W*>cJ', '040 Grayhawk Crossing', '7/23/2025');
insert into employee (employee_id, first_name, last_name, email, password, address, created_at) values (32, 'Gerome', 'Benard', 'gbenardv@about.com', 'jM7)N,X}', '44200 Hoffman Way', '5/16/2025');
insert into employee (employee_id, first_name, last_name, email, password, address, created_at) values (33, 'Denny', 'Serginson', 'dserginsonw@sourceforge.net', 'pD9`yH\n?y!lDVp', '42 Eagan Place', '11/17/2025');
insert into employee (employee_id, first_name, last_name, email, password, address, created_at) values (34, 'Virgina', 'Ogborn', 'vogbornx@bizjournals.com', 'aP0&}./pNd%a>x0r', '89 Debra Way', '7/3/2025');
insert into employee (employee_id, first_name, last_name, email, password, address, created_at) values (35, 'Torrey', 'Northern', 'tnortherny@wikispaces.com', 'lC0<f$A~mjz', '23 Claremont Pass', '3/16/2022');
insert into employee (employee_id, first_name, last_name, email, password, address, created_at) values (36, 'Desiri', 'Anslow', 'danslowz@springer.com', 'tB2}&)7rC', '189 Red Cloud Lane', '9/10/2025');
insert into employee (employee_id, first_name, last_name, email, password, address, created_at) values (37, 'Kirbee', 'Grishmanov', 'kgrishmanov10@ustream.tv', 'kF4}7#DQE0V9D2(', '59019 Logan Lane', '1/11/2024');
insert into employee (employee_id, first_name, last_name, email, password, address, created_at) values (38, 'Timi', 'Iannini', 'tiannini11@go.com', 'rX3(Hw@MT|?BYn@', '18 Ruskin Pass', '8/12/2025');
insert into employee (employee_id, first_name, last_name, email, password, address, created_at) values (39, 'Dorolice', 'Etherington', 'detherington12@kickstarter.com', 'cY5''fOKsljpvd))E', '844 Columbus Way', '4/22/2025');
insert into employee (employee_id, first_name, last_name, email, password, address, created_at) values (40, 'Dolley', 'Cheke', 'dcheke13@typepad.com', 'xN6!wLU)Wi~uT', '87288 Kinsman Junction', '5/8/2025');

-- employee_role
-- audit_log
insert into audit_log (log_id, animal_id, employee_id, adopter_id, action, old_value, new_value, field_changed, changed_at) values (1, 1, 1, 1, 'Updated', 'Medical check-up for dog named Max', 'Feeding schedule for rabbit named Floppy', 'breed', '10/27/2006');
insert into audit_log (log_id, animal_id, employee_id, adopter_id, action, old_value, new_value, field_changed, changed_at) values (2, 2, 2, 2, 'Created', 'Medical check-up for dog named Max', 'Adoption of cat named Whiskers', 'breed', '2/8/2023');
insert into audit_log (log_id, animal_id, employee_id, adopter_id, action, old_value, new_value, field_changed, changed_at) values (3, 3, 3, 3, 'Status Change', 'Playtime for guinea pig named Peanut', 'Feeding schedule for rabbit named Floppy', 'weight', '10/27/2012');
insert into audit_log (log_id, animal_id, employee_id, adopter_id, action, old_value, new_value, field_changed, changed_at) values (4, 4, 4, 4, 'Updated', 'Medical check-up for dog named Max', 'Medical check-up for dog named Max', 'weight', '8/25/2025');
insert into audit_log (log_id, animal_id, employee_id, adopter_id, action, old_value, new_value, field_changed, changed_at) values (5, 5, 5, 5, 'Status Change', 'Feeding schedule for rabbit named Floppy', 'Medical check-up for dog named Max', 'weight', '6/20/2025');
insert into audit_log (log_id, animal_id, employee_id, adopter_id, action, old_value, new_value, field_changed, changed_at) values (6, 6, 6, 6, 'Deleted', 'Medical check-up for dog named Max', 'Adoption of cat named Whiskers', 'adoption status', '10/5/2025');
insert into audit_log (log_id, animal_id, employee_id, adopter_id, action, old_value, new_value, field_changed, changed_at) values (7, 7, 7, 7, 'Status Change', 'Adoption of cat named Whiskers', 'Playtime for guinea pig named Peanut', 'weight', '8/26/2025');
insert into audit_log (log_id, animal_id, employee_id, adopter_id, action, old_value, new_value, field_changed, changed_at) values (8, 8, 8, 8, 'Updated', 'Feeding schedule for rabbit named Floppy', 'Feeding schedule for rabbit named Floppy', 'weight', '9/27/2025');
insert into audit_log (log_id, animal_id, employee_id, adopter_id, action, old_value, new_value, field_changed, changed_at) values (9, 9, 9, 9, 'Updated', 'Adoption of cat named Whiskers', 'Adoption of cat named Whiskers', 'age', '10/24/2025');
insert into audit_log (log_id, animal_id, employee_id, adopter_id, action, old_value, new_value, field_changed, changed_at) values (10, 10, 10, 10, 'Updated', 'Medical check-up for dog named Max', 'Medical check-up for dog named Max', 'breed', '8/13/2025');
insert into audit_log (log_id, animal_id, employee_id, adopter_id, action, old_value, new_value, field_changed, changed_at) values (11, 11, 11, 11, 'Updated', 'Adoption of cat named Whiskers', 'Feeding schedule for rabbit named Floppy', 'adoption status', '4/10/2021');
insert into audit_log (log_id, animal_id, employee_id, adopter_id, action, old_value, new_value, field_changed, changed_at) values (12, 12, 12, 12, 'Deleted', 'Adoption of cat named Whiskers', 'Medical check-up for dog named Max', 'breed', '9/12/2025');
insert into audit_log (log_id, animal_id, employee_id, adopter_id, action, old_value, new_value, field_changed, changed_at) values (13, 13, 13, 13, 'Created', 'Playtime for guinea pig named Peanut', 'Playtime for guinea pig named Peanut', 'breed', '1/29/2023');
insert into audit_log (log_id, animal_id, employee_id, adopter_id, action, old_value, new_value, field_changed, changed_at) values (14, 14, 14, 14, 'Created', 'Adoption of cat named Whiskers', 'Feeding schedule for rabbit named Floppy', 'breed', '2/24/2020');
insert into audit_log (log_id, animal_id, employee_id, adopter_id, action, old_value, new_value, field_changed, changed_at) values (15, 15, 15, 15, 'Deleted', 'Adoption of cat named Whiskers', 'Playtime for guinea pig named Peanut', 'adoption status', '6/19/2025');
insert into audit_log (log_id, animal_id, employee_id, adopter_id, action, old_value, new_value, field_changed, changed_at) values (16, 16, 16, 16, 'Updated', 'Adoption of cat named Whiskers', 'Medical check-up for dog named Max', 'weight', '4/4/2020');
insert into audit_log (log_id, animal_id, employee_id, adopter_id, action, old_value, new_value, field_changed, changed_at) values (17, 17, 17, 17, 'Deleted', 'Playtime for guinea pig named Peanut', 'Medical check-up for dog named Max', 'weight', '6/2/2001');
insert into audit_log (log_id, animal_id, employee_id, adopter_id, action, old_value, new_value, field_changed, changed_at) values (18, 18, 18, 18, 'Updated', 'Feeding schedule for rabbit named Floppy', 'Playtime for guinea pig named Peanut', 'age', '5/18/2025');
insert into audit_log (log_id, animal_id, employee_id, adopter_id, action, old_value, new_value, field_changed, changed_at) values (19, 19, 19, 19, 'Created', 'Medical check-up for dog named Max', 'Playtime for guinea pig named Peanut', 'name', '8/21/2025');
insert into audit_log (log_id, animal_id, employee_id, adopter_id, action, old_value, new_value, field_changed, changed_at) values (20, 20, 20, 20, 'Created', 'Medical check-up for dog named Max', 'Adoption of cat named Whiskers', 'age', '10/10/2025');
insert into audit_log (log_id, animal_id, employee_id, adopter_id, action, old_value, new_value, field_changed, changed_at) values (21, 21, 21, 21, 'Deleted', 'Feeding schedule for rabbit named Floppy', 'Adoption of cat named Whiskers', 'breed', '7/19/2025');
insert into audit_log (log_id, animal_id, employee_id, adopter_id, action, old_value, new_value, field_changed, changed_at) values (22, 22, 22, 22, 'Status Change', 'Medical check-up for dog named Max', 'Feeding schedule for rabbit named Floppy', 'age', '5/7/2025');
insert into audit_log (log_id, animal_id, employee_id, adopter_id, action, old_value, new_value, field_changed, changed_at) values (23, 23, 23, 23, 'Updated', 'Playtime for guinea pig named Peanut', 'Feeding schedule for rabbit named Floppy', 'breed', '3/13/2023');
insert into audit_log (log_id, animal_id, employee_id, adopter_id, action, old_value, new_value, field_changed, changed_at) values (24, 24, 24, 24, 'Updated', 'Playtime for guinea pig named Peanut', 'Medical check-up for dog named Max', 'adoption status', '5/31/2025');
insert into audit_log (log_id, animal_id, employee_id, adopter_id, action, old_value, new_value, field_changed, changed_at) values (25, 25, 25, 25, 'Created', 'Feeding schedule for rabbit named Floppy', 'Adoption of cat named Whiskers', 'breed', '4/22/2014');
insert into audit_log (log_id, animal_id, employee_id, adopter_id, action, old_value, new_value, field_changed, changed_at) values (26, 26, 26, 26, 'Created', 'Playtime for guinea pig named Peanut', 'Medical check-up for dog named Max', 'age', '2/27/2022');
insert into audit_log (log_id, animal_id, employee_id, adopter_id, action, old_value, new_value, field_changed, changed_at) values (27, 27, 27, 27, 'Status Change', 'Adoption of cat named Whiskers', 'Feeding schedule for rabbit named Floppy', 'adoption status', '2/24/2021');
insert into audit_log (log_id, animal_id, employee_id, adopter_id, action, old_value, new_value, field_changed, changed_at) values (28, 28, 28, 28, 'Created', 'Feeding schedule for rabbit named Floppy', 'Adoption of cat named Whiskers', 'name', '10/14/2025');
insert into audit_log (log_id, animal_id, employee_id, adopter_id, action, old_value, new_value, field_changed, changed_at) values (29, 29, 29, 29, 'Created', 'Playtime for guinea pig named Peanut', 'Adoption of cat named Whiskers', 'name', '9/7/2025');
insert into audit_log (log_id, animal_id, employee_id, adopter_id, action, old_value, new_value, field_changed, changed_at) values (30, 30, 30, 30, 'Deleted', 'Feeding schedule for rabbit named Floppy', 'Playtime for guinea pig named Peanut', 'age', '4/5/2007');
insert into audit_log (log_id, animal_id, employee_id, adopter_id, action, old_value, new_value, field_changed, changed_at) values (31, 31, 31, 31, 'Created', 'Playtime for guinea pig named Peanut', 'Playtime for guinea pig named Peanut', 'adoption status', '4/4/2020');
insert into audit_log (log_id, animal_id, employee_id, adopter_id, action, old_value, new_value, field_changed, changed_at) values (32, 32, 32, 32, 'Deleted', 'Medical check-up for dog named Max', 'Medical check-up for dog named Max', 'name', '10/12/2025');
insert into audit_log (log_id, animal_id, employee_id, adopter_id, action, old_value, new_value, field_changed, changed_at) values (33, 33, 33, 33, 'Status Change', 'Medical check-up for dog named Max', 'Playtime for guinea pig named Peanut', 'weight', '2/3/2016');
insert into audit_log (log_id, animal_id, employee_id, adopter_id, action, old_value, new_value, field_changed, changed_at) values (34, 34, 34, 34, 'Status Change', 'Adoption of cat named Whiskers', 'Feeding schedule for rabbit named Floppy', 'weight', '8/24/2025');
insert into audit_log (log_id, animal_id, employee_id, adopter_id, action, old_value, new_value, field_changed, changed_at) values (35, 35, 35, 35, 'Updated', 'Medical check-up for dog named Max', 'Playtime for guinea pig named Peanut', 'adoption status', '8/29/2025');
insert into audit_log (log_id, animal_id, employee_id, adopter_id, action, old_value, new_value, field_changed, changed_at) values (36, 36, 36, 36, 'Created', 'Feeding schedule for rabbit named Floppy', 'Medical check-up for dog named Max', 'adoption status', '7/9/2025');
insert into audit_log (log_id, animal_id, employee_id, adopter_id, action, old_value, new_value, field_changed, changed_at) values (37, 37, 37, 37, 'Updated', 'Playtime for guinea pig named Peanut', 'Medical check-up for dog named Max', 'name', '10/23/2025');
insert into audit_log (log_id, animal_id, employee_id, adopter_id, action, old_value, new_value, field_changed, changed_at) values (38, 38, 38, 38, 'Created', 'Feeding schedule for rabbit named Floppy', 'Medical check-up for dog named Max', 'breed', '3/7/2015');
insert into audit_log (log_id, animal_id, employee_id, adopter_id, action, old_value, new_value, field_changed, changed_at) values (39, 39, 39, 39, 'Deleted', 'Feeding schedule for rabbit named Floppy', 'Feeding schedule for rabbit named Floppy', 'adoption status', '9/9/2025');
insert into audit_log (log_id, animal_id, employee_id, adopter_id, action, old_value, new_value, field_changed, changed_at) values (40, 40, 40, 40, 'Updated', 'Adoption of cat named Whiskers', 'Medical check-up for dog named Max', 'adoption status', '1/24/2020');

-- application
insert into application (application_id, adopter_id, animal_id, status, notes, submission_date, decision_date) values (1, 1, 1, 'Completed', 'Loves belly rubs', '5/28/2006', '4/15/2025');
insert into application (application_id, adopter_id, animal_id, status, notes, submission_date, decision_date) values (2, 2, 2, 'Under Review', 'Needs a yard to run', '8/31/2023', '4/15/2025');
insert into application (application_id, adopter_id, animal_id, status, notes, submission_date, decision_date) values (3, 3, 3, 'Pending', 'Loves belly rubs', '4/2/2012', '4/15/2025');
insert into application (application_id, adopter_id, animal_id, status, notes, submission_date, decision_date) values (4, 4, 4, 'Approved', 'Needs a yard to run', '4/26/2020', '4/15/2025');
insert into application (application_id, adopter_id, animal_id, status, notes, submission_date, decision_date) values (5, 5, 5, 'Pending', 'Shy at first', '5/10/2004', '4/15/2025');
insert into application (application_id, adopter_id, animal_id, status, notes, submission_date, decision_date) values (6, 6, 6, 'Denied', 'Needs a yard to run', '6/9/2011', '4/15/2025');
insert into application (application_id, adopter_id, animal_id, status, notes, submission_date, decision_date) values (7, 7, 7, 'Approved', 'House trained', '7/11/2022', '4/15/2025');
insert into application (application_id, adopter_id, animal_id, status, notes, submission_date, decision_date) values (8, 8, 8, 'Denied', 'Good with kids', '4/24/2006', '4/15/2025');
insert into application (application_id, adopter_id, animal_id, status, notes, submission_date, decision_date) values (9, 9, 9, 'Pending', 'House trained', '2/1/2024', '4/15/2025');
insert into application (application_id, adopter_id, animal_id, status, notes, submission_date, decision_date) values (10, 10, 10, 'Under Review', 'House trained', '8/10/2016', '4/15/2025');
insert into application (application_id, adopter_id, animal_id, status, notes, submission_date, decision_date) values (11, 11, 11, 'Under Review', 'Needs a yard to run', '11/10/2024', '4/15/2025');
insert into application (application_id, adopter_id, animal_id, status, notes, submission_date, decision_date) values (12, 12, 12, 'Withdrawn', 'House trained', '8/2/2008', '4/15/2025');
insert into application (application_id, adopter_id, animal_id, status, notes, submission_date, decision_date) values (13, 13, 13, 'Approved', 'Loves belly rubs', '6/3/2018', '4/15/2025');
insert into application (application_id, adopter_id, animal_id, status, notes, submission_date, decision_date) values (14, 14, 14, 'Approved', 'House trained', '8/11/2018', '4/15/2025');
insert into application (application_id, adopter_id, animal_id, status, notes, submission_date, decision_date) values (15, 15, 15, 'Completed', 'Loves belly rubs', '2/5/2003', '4/15/2025');
insert into application (application_id, adopter_id, animal_id, status, notes, submission_date, decision_date) values (16, 16, 16, 'Under Review', 'Shy at first', '7/16/2006', '4/15/2025');
insert into application (application_id, adopter_id, animal_id, status, notes, submission_date, decision_date) values (17, 17, 17, 'Approved', 'Good with kids', '10/8/2005', '4/15/2025');
insert into application (application_id, adopter_id, animal_id, status, notes, submission_date, decision_date) values (18, 18, 18, 'Denied', 'House trained', '6/5/2000', '4/15/2025');
insert into application (application_id, adopter_id, animal_id, status, notes, submission_date, decision_date) values (19, 19, 19, 'Withdrawn', 'Good with kids', '4/28/2021', '4/15/2025');
insert into application (application_id, adopter_id, animal_id, status, notes, submission_date, decision_date) values (20, 20, 20, 'Withdrawn', 'Loves belly rubs', '3/25/2020', '4/15/2025');
insert into application (application_id, adopter_id, animal_id, status, notes, submission_date, decision_date) values (21, 21, 21, 'Completed', 'Good with kids', '6/11/2006', '4/15/2025');
insert into application (application_id, adopter_id, animal_id, status, notes, submission_date, decision_date) values (22, 22, 22, 'Pending', 'Good with kids', '11/15/2007', '4/15/2025');
insert into application (application_id, adopter_id, animal_id, status, notes, submission_date, decision_date) values (23, 23, 23, 'Approved', 'Good with kids', '10/7/2004', '4/15/2025');
insert into application (application_id, adopter_id, animal_id, status, notes, submission_date, decision_date) values (24, 24, 24, 'Withdrawn', 'Shy at first', '9/7/2024', '4/15/2025');
insert into application (application_id, adopter_id, animal_id, status, notes, submission_date, decision_date) values (25, 25, 25, 'Under Review', 'House trained', '6/6/2011', '4/15/2025');
insert into application (application_id, adopter_id, animal_id, status, notes, submission_date, decision_date) values (26, 26, 26, 'Withdrawn', 'Shy at first', '3/11/2022', '4/15/2025');
insert into application (application_id, adopter_id, animal_id, status, notes, submission_date, decision_date) values (27, 27, 27, 'Approved', 'Shy at first', '3/23/2016', '4/15/2025');
insert into application (application_id, adopter_id, animal_id, status, notes, submission_date, decision_date) values (28, 28, 28, 'Approved', 'Shy at first', '1/7/2019', '4/15/2025');
insert into application (application_id, adopter_id, animal_id, status, notes, submission_date, decision_date) values (29, 29, 29, 'Completed', 'Needs a yard to run', '3/29/2004', '4/15/2025');
insert into application (application_id, adopter_id, animal_id, status, notes, submission_date, decision_date) values (30, 30, 30, 'Pending', 'Good with kids', '2/28/2003', '4/15/2025');


-- medical_record
insert into medical_record (record_id, notes, practitioner_name, admin_date, category, animal_id) values (1, 'Vomiting after meals', 'Jane Smith', '10/13/2012', 'Medication', 1);
insert into medical_record (record_id, notes, practitioner_name, admin_date, category, animal_id) values (2, 'Vomiting after meals', 'Michael Johnson', '3/15/2013', 'Checkup', 2);
insert into medical_record (record_id, notes, practitioner_name, admin_date, category, animal_id) values (3, 'Limping on left hind leg', 'Robert Brown', '4/2/2008', 'Medication', 3);
insert into medical_record (record_id, notes, practitioner_name, admin_date, category, animal_id) values (4, 'Heart rate normal', 'Emily Davis', '4/18/2012', 'Checkup', 4);
insert into medical_record (record_id, notes, practitioner_name, admin_date, category, animal_id) values (5, 'Heart rate normal', 'Emily Davis', '12/17/2014', 'Vaccination', 5);
insert into medical_record (record_id, notes, practitioner_name, admin_date, category, animal_id) values (6, 'Vomiting after meals', 'Michael Johnson', '6/22/2011', 'Medication', 6);
insert into medical_record (record_id, notes, practitioner_name, admin_date, category, animal_id) values (7, 'Loss of appetite', 'Michael Johnson', '1/26/2018', 'Surgery', 7);
insert into medical_record (record_id, notes, practitioner_name, admin_date, category, animal_id) values (8, 'Sneezing frequently', 'Michael Johnson', '5/19/2019', 'Treatment', 8);
insert into medical_record (record_id, notes, practitioner_name, admin_date, category, animal_id) values (9, 'Sneezing frequently', 'Emily Davis', '8/8/2018', 'Vaccination', 9);
insert into medical_record (record_id, notes, practitioner_name, admin_date, category, animal_id) values (10, 'Heart rate normal', 'Robert Brown', '11/25/2025', 'Spray/Neuter', 10);
insert into medical_record (record_id, notes, practitioner_name, admin_date, category, animal_id) values (11, 'Vomiting after meals', 'Jane Smith', '2/11/2007', 'Spray/Neuter', 11);
insert into medical_record (record_id, notes, practitioner_name, admin_date, category, animal_id) values (12, 'Sneezing frequently', 'John Doe', '8/24/2022', 'Checkup', 12);
insert into medical_record (record_id, notes, practitioner_name, admin_date, category, animal_id) values (13, 'Limping on left hind leg', 'Robert Brown', '2/18/2005', 'Spray/Neuter', 13);
insert into medical_record (record_id, notes, practitioner_name, admin_date, category, animal_id) values (14, 'Vomiting after meals', 'Michael Johnson', '1/19/2007', 'Surgery', 14);
insert into medical_record (record_id, notes, practitioner_name, admin_date, category, animal_id) values (15, 'Heart rate normal', 'Michael Johnson', '9/24/2001', 'Vaccination', 15);
insert into medical_record (record_id, notes, practitioner_name, admin_date, category, animal_id) values (16, 'Limping on left hind leg', 'John Doe', '11/30/2000', 'Treatment', 16);
insert into medical_record (record_id, notes, practitioner_name, admin_date, category, animal_id) values (17, 'Limping on left hind leg', 'John Doe', '3/30/2024', 'Treatment', 17);
insert into medical_record (record_id, notes, practitioner_name, admin_date, category, animal_id) values (18, 'Vomiting after meals', 'John Doe', '12/14/2008', 'Treatment', 18);
insert into medical_record (record_id, notes, practitioner_name, admin_date, category, animal_id) values (19, 'Limping on left hind leg', 'Jane Smith', '1/18/2024', 'Checkup', 19);
insert into medical_record (record_id, notes, practitioner_name, admin_date, category, animal_id) values (20, 'Loss of appetite', 'Jane Smith', '1/9/2016', 'Vaccination', 20);
insert into medical_record (record_id, notes, practitioner_name, admin_date, category, animal_id) values (21, 'Vomiting after meals', 'Michael Johnson', '12/18/2005', 'Surgery', 21);
insert into medical_record (record_id, notes, practitioner_name, admin_date, category, animal_id) values (22, 'Vomiting after meals', 'Jane Smith', '11/24/2001', 'Spray/Neuter', 22);
insert into medical_record (record_id, notes, practitioner_name, admin_date, category, animal_id) values (23, 'Limping on left hind leg', 'Emily Davis', '2/24/2020', 'Surgery', 23);
insert into medical_record (record_id, notes, practitioner_name, admin_date, category, animal_id) values (24, 'Loss of appetite', 'John Doe', '11/18/2024', 'Vaccination', 24);
insert into medical_record (record_id, notes, practitioner_name, admin_date, category, animal_id) values (25, 'Loss of appetite', 'Michael Johnson', '2/18/2005', 'Medication', 25);
insert into medical_record (record_id, notes, practitioner_name, admin_date, category, animal_id) values (26, 'Loss of appetite', 'Emily Davis', '3/23/2002', 'Surgery', 26);
insert into medical_record (record_id, notes, practitioner_name, admin_date, category, animal_id) values (27, 'Heart rate normal', 'Robert Brown', '10/13/2000', 'Surgery', 27);
insert into medical_record (record_id, notes, practitioner_name, admin_date, category, animal_id) values (28, 'Vomiting after meals', 'Emily Davis', '3/20/2018', 'Vaccination', 28);
insert into medical_record (record_id, notes, practitioner_name, admin_date, category, animal_id) values (29, 'Sneezing frequently', 'Robert Brown', '7/18/2007', 'Vaccination', 29);
insert into medical_record (record_id, notes, practitioner_name, admin_date, category, animal_id) values (30, 'Vomiting after meals', 'Jane Smith', '11/21/2005', 'Vaccination', 30);
insert into medical_record (record_id, notes, practitioner_name, admin_date, category, animal_id) values (31, 'Heart rate normal', 'Jane Smith', '10/3/2006', 'Surgery', 31);
insert into medical_record (record_id, notes, practitioner_name, admin_date, category, animal_id) values (32, 'Vomiting after meals', 'Robert Brown', '1/9/2006', 'Vaccination', 32);
insert into medical_record (record_id, notes, practitioner_name, admin_date, category, animal_id) values (33, 'Loss of appetite', 'Jane Smith', '11/9/2020', 'Surgery', 33);
insert into medical_record (record_id, notes, practitioner_name, admin_date, category, animal_id) values (34, 'Limping on left hind leg', 'Michael Johnson', '10/20/2023', 'Checkup', 34);
insert into medical_record (record_id, notes, practitioner_name, admin_date, category, animal_id) values (35, 'Vomiting after meals', 'Michael Johnson', '8/12/2001', 'Medication', 35);
insert into medical_record (record_id, notes, practitioner_name, admin_date, category, animal_id) values (36, 'Heart rate normal', 'John Doe', '11/18/2010', 'Treatment', 36);
insert into medical_record (record_id, notes, practitioner_name, admin_date, category, animal_id) values (37, 'Loss of appetite', 'John Doe', '3/6/2008', 'Surgery', 37);
insert into medical_record (record_id, notes, practitioner_name, admin_date, category, animal_id) values (38, 'Heart rate normal', 'Michael Johnson', '1/16/2020', 'Medication', 38);
insert into medical_record (record_id, notes, practitioner_name, admin_date, category, animal_id) values (39, 'Heart rate normal', 'Michael Johnson', '3/3/2005', 'Surgery', 39);
insert into medical_record (record_id, notes, practitioner_name, admin_date, category, animal_id) values (40, 'Heart rate normal', 'Robert Brown', '12/19/2015', 'Treatment', 40);

-- foster_placement
-- compatibility_quiz
-- quiz_rec
-- report_template
-- monthly_report
insert into monthly_report (report_id, template_id, report_month, generated_date, total_adopted, avg_days_to_adopt, avg_length_of_stay) values (1, 529, '1/26/2007', '6/21/2011', 274, 75.15, 197.89);
insert into monthly_report (report_id, template_id, report_month, generated_date, total_adopted, avg_days_to_adopt, avg_length_of_stay) values (2, 248, '7/12/2010', '5/13/2016', 24, 213.74, 118.82);
insert into monthly_report (report_id, template_id, report_month, generated_date, total_adopted, avg_days_to_adopt, avg_length_of_stay) values (3, 43, '12/30/2025', '2/21/2008', 489, 270.38, 158.14);
insert into monthly_report (report_id, template_id, report_month, generated_date, total_adopted, avg_days_to_adopt, avg_length_of_stay) values (4, 100, '1/25/2019', '4/23/2023', 603, 123.47, 125.44);
insert into monthly_report (report_id, template_id, report_month, generated_date, total_adopted, avg_days_to_adopt, avg_length_of_stay) values (5, 567, '6/2/2001', '1/29/2009', 696, 83.32, 289.43);
insert into monthly_report (report_id, template_id, report_month, generated_date, total_adopted, avg_days_to_adopt, avg_length_of_stay) values (6, 47, '5/3/2025', '8/10/2012', 72, 110.02, 56.61);
insert into monthly_report (report_id, template_id, report_month, generated_date, total_adopted, avg_days_to_adopt, avg_length_of_stay) values (7, 230, '2/5/2001', '10/13/2017', 908, 345.4, 342.61);
insert into monthly_report (report_id, template_id, report_month, generated_date, total_adopted, avg_days_to_adopt, avg_length_of_stay) values (8, 20, '11/4/2012', '12/20/2012', 102, 23.21, 159.35);
insert into monthly_report (report_id, template_id, report_month, generated_date, total_adopted, avg_days_to_adopt, avg_length_of_stay) values (9, 155, '5/9/2010', '4/25/2022', 978, 197.81, 18.45);
insert into monthly_report (report_id, template_id, report_month, generated_date, total_adopted, avg_days_to_adopt, avg_length_of_stay) values (10, 593, '8/9/2023', '11/17/2024', 918, 155.37, 162.31);
insert into monthly_report (report_id, template_id, report_month, generated_date, total_adopted, avg_days_to_adopt, avg_length_of_stay) values (11, 293, '10/14/2006', '7/15/2004', 742, 66.26, 219.13);
insert into monthly_report (report_id, template_id, report_month, generated_date, total_adopted, avg_days_to_adopt, avg_length_of_stay) values (12, 723, '6/7/2003', '9/19/2006', 128, 145.93, 83.28);
insert into monthly_report (report_id, template_id, report_month, generated_date, total_adopted, avg_days_to_adopt, avg_length_of_stay) values (13, 261, '11/23/2019', '7/15/2019', 934, 233.31, 153.7);
insert into monthly_report (report_id, template_id, report_month, generated_date, total_adopted, avg_days_to_adopt, avg_length_of_stay) values (14, 720, '1/15/2018', '6/23/2005', 925, 100.02, 178.93);
insert into monthly_report (report_id, template_id, report_month, generated_date, total_adopted, avg_days_to_adopt, avg_length_of_stay) values (15, 162, '10/3/2007', '8/1/2017', 33, 11.71, 54.77);
insert into monthly_report (report_id, template_id, report_month, generated_date, total_adopted, avg_days_to_adopt, avg_length_of_stay) values (16, 709, '10/4/2003', '10/4/2006', 622, 143.46, 64.42);
insert into monthly_report (report_id, template_id, report_month, generated_date, total_adopted, avg_days_to_adopt, avg_length_of_stay) values (17, 811, '5/7/2024', '5/15/2008', 246, 71.07, 237.35);
insert into monthly_report (report_id, template_id, report_month, generated_date, total_adopted, avg_days_to_adopt, avg_length_of_stay) values (18, 363, '5/8/2005', '5/27/2001', 982, 264.39, 261.04);
insert into monthly_report (report_id, template_id, report_month, generated_date, total_adopted, avg_days_to_adopt, avg_length_of_stay) values (19, 786, '9/22/2014', '7/11/2004', 429, 5.16, 345.7);
insert into monthly_report (report_id, template_id, report_month, generated_date, total_adopted, avg_days_to_adopt, avg_length_of_stay) values (20, 106, '6/9/2002', '11/19/2015', 418, 205.6, 5.68);
insert into monthly_report (report_id, template_id, report_month, generated_date, total_adopted, avg_days_to_adopt, avg_length_of_stay) values (21, 405, '9/5/2003', '8/11/2003', 151, 41.75, 181.32);
insert into monthly_report (report_id, template_id, report_month, generated_date, total_adopted, avg_days_to_adopt, avg_length_of_stay) values (22, 172, '4/7/2006', '6/20/2020', 576, 156.94, 187.18);
insert into monthly_report (report_id, template_id, report_month, generated_date, total_adopted, avg_days_to_adopt, avg_length_of_stay) values (23, 824, '3/20/2003', '11/13/2010', 967, 256.07, 284.85);
insert into monthly_report (report_id, template_id, report_month, generated_date, total_adopted, avg_days_to_adopt, avg_length_of_stay) values (24, 552, '8/15/2006', '7/10/2008', 329, 322.27, 266.91);
insert into monthly_report (report_id, template_id, report_month, generated_date, total_adopted, avg_days_to_adopt, avg_length_of_stay) values (25, 759, '3/22/2011', '10/29/2002', 188, 194.55, 51.71);
insert into monthly_report (report_id, template_id, report_month, generated_date, total_adopted, avg_days_to_adopt, avg_length_of_stay) values (26, 659, '7/19/2011', '9/7/2013', 437, 61.78, 15.42);
insert into monthly_report (report_id, template_id, report_month, generated_date, total_adopted, avg_days_to_adopt, avg_length_of_stay) values (27, 922, '12/9/2013', '3/7/2003', 683, 203.51, 258.17);
insert into monthly_report (report_id, template_id, report_month, generated_date, total_adopted, avg_days_to_adopt, avg_length_of_stay) values (28, 850, '7/24/2017', '1/30/2023', 104, 20.48, 119.69);
insert into monthly_report (report_id, template_id, report_month, generated_date, total_adopted, avg_days_to_adopt, avg_length_of_stay) values (29, 986, '2/22/2024', '3/3/2007', 89, 213.92, 190.52);
insert into monthly_report (report_id, template_id, report_month, generated_date, total_adopted, avg_days_to_adopt, avg_length_of_stay) values (30, 924, '12/5/2002', '10/30/2025', 794, 174.15, 6.65);
insert into monthly_report (report_id, template_id, report_month, generated_date, total_adopted, avg_days_to_adopt, avg_length_of_stay) values (31, 806, '12/13/2001', '7/26/2013', 60, 111.26, 247.7);
insert into monthly_report (report_id, template_id, report_month, generated_date, total_adopted, avg_days_to_adopt, avg_length_of_stay) values (32, 173, '10/4/2003', '8/25/2022', 306, 185.27, 194.29);
insert into monthly_report (report_id, template_id, report_month, generated_date, total_adopted, avg_days_to_adopt, avg_length_of_stay) values (33, 895, '12/6/2023', '11/25/2012', 251, 345.99, 80.82);
insert into monthly_report (report_id, template_id, report_month, generated_date, total_adopted, avg_days_to_adopt, avg_length_of_stay) values (34, 574, '5/21/2002', '10/8/2023', 704, 220.83, 264.6);
insert into monthly_report (report_id, template_id, report_month, generated_date, total_adopted, avg_days_to_adopt, avg_length_of_stay) values (35, 102, '3/30/2014', '6/25/2001', 423, 26.73, 14.85);
insert into monthly_report (report_id, template_id, report_month, generated_date, total_adopted, avg_days_to_adopt, avg_length_of_stay) values (36, 735, '7/16/2008', '12/31/2009', 275, 36.66, 121.26);
insert into monthly_report (report_id, template_id, report_month, generated_date, total_adopted, avg_days_to_adopt, avg_length_of_stay) values (37, 619, '5/10/2023', '5/25/2022', 655, 64.46, 193.34);
insert into monthly_report (report_id, template_id, report_month, generated_date, total_adopted, avg_days_to_adopt, avg_length_of_stay) values (38, 371, '10/14/2009', '12/17/2006', 528, 21.85, 282.56);
insert into monthly_report (report_id, template_id, report_month, generated_date, total_adopted, avg_days_to_adopt, avg_length_of_stay) values (39, 849, '10/22/2005', '10/30/2016', 443, 173.56, 12.9);
insert into monthly_report (report_id, template_id, report_month, generated_date, total_adopted, avg_days_to_adopt, avg_length_of_stay) values (40, 817, '9/25/2015', '9/20/2014', 517, 201.5, 260.24);


-- adoption
insert into adoption (adoption_id, application_id, report_id, adoption_date, outcome, days_to_adopt, return_flag) values (1, 58, 288, '9/5/2003', 'Adopted', 618, false);
insert into adoption (adoption_id, application_id, report_id, adoption_date, outcome, days_to_adopt, return_flag) values (2, 521, 36, '9/5/2002', 'Adopted', 900, false);
insert into adoption (adoption_id, application_id, report_id, adoption_date, outcome, days_to_adopt, return_flag) values (3, 710, 529, '11/1/2016', 'Returned', 716, true);
insert into adoption (adoption_id, application_id, report_id, adoption_date, outcome, days_to_adopt, return_flag) values (4, 318, 131, '12/28/2019', 'Fostered', 477, false);
insert into adoption (adoption_id, application_id, report_id, adoption_date, outcome, days_to_adopt, return_flag) values (5, 982, 769, '3/19/2004', 'Fostered', 685, false);
insert into adoption (adoption_id, application_id, report_id, adoption_date, outcome, days_to_adopt, return_flag) values (6, 160, 809, '6/23/2006', 'Returned', 900, true);
insert into adoption (adoption_id, application_id, report_id, adoption_date, outcome, days_to_adopt, return_flag) values (7, 71, 337, '4/4/2000', 'Returned', 158, false);
insert into adoption (adoption_id, application_id, report_id, adoption_date, outcome, days_to_adopt, return_flag) values (8, 143, 229, '1/18/2007', 'Adopted', 11, true);
insert into adoption (adoption_id, application_id, report_id, adoption_date, outcome, days_to_adopt, return_flag) values (9, 825, 831, '3/14/2014', 'Returned', 378, true);
insert into adoption (adoption_id, application_id, report_id, adoption_date, outcome, days_to_adopt, return_flag) values (10, 773, 427, '11/21/2006', 'Adopted', 491, true);
insert into adoption (adoption_id, application_id, report_id, adoption_date, outcome, days_to_adopt, return_flag) values (11, 274, 133, '8/5/2024', 'Fostered', 642, false);
insert into adoption (adoption_id, application_id, report_id, adoption_date, outcome, days_to_adopt, return_flag) values (12, 986, 387, '3/30/2002', 'Fostered', 286, false);
insert into adoption (adoption_id, application_id, report_id, adoption_date, outcome, days_to_adopt, return_flag) values (13, 533, 729, '5/8/2006', 'Adopted', 277, false);
insert into adoption (adoption_id, application_id, report_id, adoption_date, outcome, days_to_adopt, return_flag) values (14, 570, 927, '4/7/2004', 'Fostered', 22, true);
insert into adoption (adoption_id, application_id, report_id, adoption_date, outcome, days_to_adopt, return_flag) values (15, 186, 440, '6/13/2021', 'Adopted', 504, false);
insert into adoption (adoption_id, application_id, report_id, adoption_date, outcome, days_to_adopt, return_flag) values (16, 369, 914, '12/17/2003', 'Returned', 826, true);
insert into adoption (adoption_id, application_id, report_id, adoption_date, outcome, days_to_adopt, return_flag) values (17, 348, 270, '9/2/2025', 'Adopted', 304, false);
insert into adoption (adoption_id, application_id, report_id, adoption_date, outcome, days_to_adopt, return_flag) values (18, 370, 131, '8/28/2020', 'Adopted', 556, false);
insert into adoption (adoption_id, application_id, report_id, adoption_date, outcome, days_to_adopt, return_flag) values (19, 925, 40, '2/3/2000', 'Adopted', 549, true);
insert into adoption (adoption_id, application_id, report_id, adoption_date, outcome, days_to_adopt, return_flag) values (20, 205, 115, '10/20/2018', 'Fostered', 682, true);
insert into adoption (adoption_id, application_id, report_id, adoption_date, outcome, days_to_adopt, return_flag) values (21, 583, 935, '11/17/2003', 'Returned', 17, true);
insert into adoption (adoption_id, application_id, report_id, adoption_date, outcome, days_to_adopt, return_flag) values (22, 103, 224, '7/19/2003', 'Adopted', 527, false);
insert into adoption (adoption_id, application_id, report_id, adoption_date, outcome, days_to_adopt, return_flag) values (23, 10, 210, '2/9/2017', 'Fostered', 908, true);
insert into adoption (adoption_id, application_id, report_id, adoption_date, outcome, days_to_adopt, return_flag) values (24, 350, 952, '12/26/2003', 'Fostered', 379, false);
insert into adoption (adoption_id, application_id, report_id, adoption_date, outcome, days_to_adopt, return_flag) values (25, 160, 62, '5/15/2002', 'Adopted', 279, false);
insert into adoption (adoption_id, application_id, report_id, adoption_date, outcome, days_to_adopt, return_flag) values (26, 760, 372, '1/28/2001', 'Adopted', 37, true);
insert into adoption (adoption_id, application_id, report_id, adoption_date, outcome, days_to_adopt, return_flag) values (27, 286, 890, '12/19/2012', 'Returned', 861, false);
insert into adoption (adoption_id, application_id, report_id, adoption_date, outcome, days_to_adopt, return_flag) values (28, 500, 911, '8/13/2003', 'Returned', 209, true);
insert into adoption (adoption_id, application_id, report_id, adoption_date, outcome, days_to_adopt, return_flag) values (29, 33, 863, '2/20/2014', 'Adopted', 811, false);
insert into adoption (adoption_id, application_id, report_id, adoption_date, outcome, days_to_adopt, return_flag) values (30, 123, 371, '4/29/2024', 'Fostered', 805, true);
insert into adoption (adoption_id, application_id, report_id, adoption_date, outcome, days_to_adopt, return_flag) values (31, 396, 877, '6/1/2021', 'Fostered', 216, false);
insert into adoption (adoption_id, application_id, report_id, adoption_date, outcome, days_to_adopt, return_flag) values (32, 958, 282, '11/15/2005', 'Adopted', 441, true);
insert into adoption (adoption_id, application_id, report_id, adoption_date, outcome, days_to_adopt, return_flag) values (33, 100, 745, '7/27/2024', 'Fostered', 779, true);
insert into adoption (adoption_id, application_id, report_id, adoption_date, outcome, days_to_adopt, return_flag) values (34, 943, 388, '11/22/2016', 'Returned', 60, true);
insert into adoption (adoption_id, application_id, report_id, adoption_date, outcome, days_to_adopt, return_flag) values (35, 890, 429, '8/26/2011', 'Fostered', 107, true);
insert into adoption (adoption_id, application_id, report_id, adoption_date, outcome, days_to_adopt, return_flag) values (36, 426, 590, '8/23/2002', 'Adopted', 532, true);
insert into adoption (adoption_id, application_id, report_id, adoption_date, outcome, days_to_adopt, return_flag) values (37, 353, 802, '10/13/2000', 'Fostered', 947, false);
insert into adoption (adoption_id, application_id, report_id, adoption_date, outcome, days_to_adopt, return_flag) values (38, 907, 156, '2/2/2024', 'Adopted', 302, true);
insert into adoption (adoption_id, application_id, report_id, adoption_date, outcome, days_to_adopt, return_flag) values (39, 86, 731, '1/15/2023', 'Adopted', 672, false);
insert into adoption (adoption_id, application_id, report_id, adoption_date, outcome, days_to_adopt, return_flag) values (40, 228, 234, '10/23/2000', 'Returned', 666, true);


-- meet_appointment
insert into adoption (appointment_id, adopter_id, animal_id, status, scheduled_for, notes) values (1, 124, 457, 'Completed', '12/26/2011', 'pellentesque ultrices phasellus id sapien in sapien');
insert into adoption (appointment_id, adopter_id, animal_id, status, scheduled_for, notes) values (2, 861, 248, 'No Show', '7/20/2013', null);
insert into adoption (appointment_id, adopter_id, animal_id, status, scheduled_for, notes) values (3, 678, 200, 'Cancelled', '2/15/2004', 'ipsum primis in faucibus orci luctus et ultrices posuere');
insert into adoption (appointment_id, adopter_id, animal_id, status, scheduled_for, notes) values (4, 995, 577, 'Cancelled', '7/4/2012', 'mauris lacinia sapien quis libero');
insert into adoption (appointment_id, adopter_id, animal_id, status, scheduled_for, notes) values (5, 358, 540, 'Cancelled', '12/14/2023', null);
insert into adoption (appointment_id, adopter_id, animal_id, status, scheduled_for, notes) values (6, 199, 346, 'Scheduled', '11/13/2017', 'nunc commodo placerat praesent blandit nam nulla integer pede justo lacinia');
insert into adoption (appointment_id, adopter_id, animal_id, status, scheduled_for, notes) values (7, 84, 645, 'No Show', '10/8/2012', 'quis turpis sed ante vivamus tortor');
insert into adoption (appointment_id, adopter_id, animal_id, status, scheduled_for, notes) values (8, 89, 23, 'Scheduled', '7/31/2007', null);
insert into adoption (appointment_id, adopter_id, animal_id, status, scheduled_for, notes) values (9, 743, 36, 'Scheduled', '8/27/2001', 'risus praesent lectus vestibulum quam sapien varius ut blandit non');
insert into adoption (appointment_id, adopter_id, animal_id, status, scheduled_for, notes) values (10, 858, 278, 'No Show', '9/5/2007', 'in ante vestibulum ante ipsum primis in faucibus orci luctus et ultrices posuere');
insert into adoption (appointment_id, adopter_id, animal_id, status, scheduled_for, notes) values (11, 746, 260, 'No Show', '1/6/2012', null);
insert into adoption (appointment_id, adopter_id, animal_id, status, scheduled_for, notes) values (12, 386, 471, 'No Show', '11/9/2021', null);
insert into adoption (appointment_id, adopter_id, animal_id, status, scheduled_for, notes) values (13, 863, 135, 'Cancelled', '2/9/2023', 'feugiat et eros vestibulum ac est lacinia');
insert into adoption (appointment_id, adopter_id, animal_id, status, scheduled_for, notes) values (14, 94, 17, 'No Show', '12/30/2021', 'pretium iaculis diam erat fermentum justo');
insert into adoption (appointment_id, adopter_id, animal_id, status, scheduled_for, notes) values (15, 446, 610, 'Scheduled', '12/23/2003', null);
insert into adoption (appointment_id, adopter_id, animal_id, status, scheduled_for, notes) values (16, 186, 318, 'Scheduled', '5/31/2012', null);
insert into adoption (appointment_id, adopter_id, animal_id, status, scheduled_for, notes) values (17, 107, 678, 'Scheduled', '6/15/2017', 'potenti nullam porttitor lacus at');
insert into adoption (appointment_id, adopter_id, animal_id, status, scheduled_for, notes) values (18, 371, 442, 'Completed', '1/23/2000', 'id mauris vulputate elementum nullam varius nulla facilisi cras non velit nec nisi');
insert into adoption (appointment_id, adopter_id, animal_id, status, scheduled_for, notes) values (19, 94, 437, 'Scheduled', '1/17/2007', 'sapien placerat ante nulla justo aliquam quis turpis eget');
insert into adoption (appointment_id, adopter_id, animal_id, status, scheduled_for, notes) values (20, 364, 573, 'Cancelled', '3/12/2011', 'penatibus et magnis dis parturient montes');
insert into adoption (appointment_id, adopter_id, animal_id, status, scheduled_for, notes) values (21, 231, 17, 'Cancelled', '12/12/2005', 'ultrices vel augue vestibulum ante ipsum primis in faucibus orci luctus et ultrices');
insert into adoption (appointment_id, adopter_id, animal_id, status, scheduled_for, notes) values (22, 241, 866, 'No Show', '11/25/2017', 'nisi at nibh in hac habitasse');
insert into adoption (appointment_id, adopter_id, animal_id, status, scheduled_for, notes) values (23, 310, 317, 'No Show', '6/5/2010', 'et magnis dis parturient montes nascetur ridiculus mus vivamus vestibulum sagittis sapien');
insert into adoption (appointment_id, adopter_id, animal_id, status, scheduled_for, notes) values (24, 121, 465, 'Completed', '7/29/2023', 'consequat lectus in est risus auctor sed tristique in tempus');
insert into adoption (appointment_id, adopter_id, animal_id, status, scheduled_for, notes) values (25, 104, 445, 'Completed', '8/19/2011', null);
insert into adoption (appointment_id, adopter_id, animal_id, status, scheduled_for, notes) values (26, 990, 503, 'Cancelled', '11/6/2010', 'sit amet consectetuer adipiscing elit proin interdum mauris');
insert into adoption (appointment_id, adopter_id, animal_id, status, scheduled_for, notes) values (27, 471, 155, 'Completed', '12/25/2006', null);
insert into adoption (appointment_id, adopter_id, animal_id, status, scheduled_for, notes) values (28, 820, 436, 'Scheduled', '12/10/2001', null);
insert into adoption (appointment_id, adopter_id, animal_id, status, scheduled_for, notes) values (29, 197, 613, 'Scheduled', '6/1/2007', null);
insert into adoption (appointment_id, adopter_id, animal_id, status, scheduled_for, notes) values (30, 458, 851, 'Completed', '8/11/2025', null);
insert into adoption (appointment_id, adopter_id, animal_id, status, scheduled_for, notes) values (31, 889, 156, 'Completed', '8/26/2022', null);
insert into adoption (appointment_id, adopter_id, animal_id, status, scheduled_for, notes) values (32, 523, 115, 'No Show', '5/19/2002', null);
insert into adoption (appointment_id, adopter_id, animal_id, status, scheduled_for, notes) values (33, 198, 63, 'Completed', '7/11/2014', 'erat fermentum justo nec condimentum neque sapien placerat ante nulla');
insert into adoption (appointment_id, adopter_id, animal_id, status, scheduled_for, notes) values (34, 293, 183, 'No Show', '11/16/2013', 'turpis a pede posuere nonummy integer non velit donec');
insert into adoption (appointment_id, adopter_id, animal_id, status, scheduled_for, notes) values (35, 427, 862, 'Cancelled', '5/19/2019', 'quisque ut erat curabitur gravida nisi at nibh in hac habitasse platea');
insert into adoption (appointment_id, adopter_id, animal_id, status, scheduled_for, notes) values (36, 950, 900, 'Completed', '8/12/2021', 'amet turpis elementum ligula vehicula');
insert into adoption (appointment_id, adopter_id, animal_id, status, scheduled_for, notes) values (37, 271, 811, 'Completed', '4/5/2024', 'erat id mauris vulputate elementum nullam varius nulla facilisi cras non velit nec nisi vulputate');
insert into adoption (appointment_id, adopter_id, animal_id, status, scheduled_for, notes) values (38, 206, 737, 'Completed', '7/20/2017', null);
insert into adoption (appointment_id, adopter_id, animal_id, status, scheduled_for, notes) values (39, 209, 611, 'Scheduled', '11/7/2021', null);
insert into adoption (appointment_id, adopter_id, animal_id, status, scheduled_for, notes) values (40, 190, 570, 'Scheduled', '5/23/2008', 'mi integer ac neque duis bibendum morbi non');


-- success_story
insert into adoption (story_id, adopter_id, animal_id, rating, is_reviewed, content, posted_at) values (1, 213, 270, 6, false, 'In quis justo. Maecenas rhoncus aliquam lacus. Morbi quis tortor id nulla ultrices aliquet.', '9/30/2016');
insert into adoption (story_id, adopter_id, animal_id, rating, is_reviewed, content, posted_at) values (2, 352, 300, 9, false, 'Integer tincidunt ante vel ipsum. Praesent blandit lacinia erat. Vestibulum sed magna at nunc commodo placerat.', '3/22/2006');
insert into adoption (story_id, adopter_id, animal_id, rating, is_reviewed, content, posted_at) values (3, 337, 989, 10, true, 'Morbi non lectus. Aliquam sit amet diam in magna bibendum imperdiet. Nullam orci pede, venenatis non, sodales sed, tincidunt eu, felis.', '8/18/2019');
insert into adoption (story_id, adopter_id, animal_id, rating, is_reviewed, content, posted_at) values (4, 272, 524, 2, true, 'Pellentesque at nulla. Suspendisse potenti. Cras in purus eu magna vulputate luctus.', '1/23/2025');
insert into adoption (story_id, adopter_id, animal_id, rating, is_reviewed, content, posted_at) values (5, 536, 158, 1, true, 'Cum sociis natoque penatibus et magnis dis parturient montes, nascetur ridiculus mus. Vivamus vestibulum sagittis sapien. Cum sociis natoque penatibus et magnis dis parturient montes, nascetur ridiculus mus.', '4/19/2001');
insert into adoption (story_id, adopter_id, animal_id, rating, is_reviewed, content, posted_at) values (6, 285, 669, 6, false, 'Lorem ipsum dolor sit amet, consectetuer adipiscing elit. Proin risus. Praesent lectus.', '9/20/2009');
insert into adoption (story_id, adopter_id, animal_id, rating, is_reviewed, content, posted_at) values (7, 10, 375, 8, true, 'In hac habitasse platea dictumst. Morbi vestibulum, velit id pretium iaculis, diam erat fermentum justo, nec condimentum neque sapien placerat ante. Nulla justo.', '3/22/2004');
insert into adoption (story_id, adopter_id, animal_id, rating, is_reviewed, content, posted_at) values (8, 248, 285, 4, true, 'Proin eu mi. Nulla ac enim. In tempor, turpis nec euismod scelerisque, quam turpis adipiscing lorem, vitae mattis nibh ligula nec sem.', '10/16/2001');
insert into adoption (story_id, adopter_id, animal_id, rating, is_reviewed, content, posted_at) values (9, 118, 584, 4, false, 'Aliquam quis turpis eget elit sodales scelerisque. Mauris sit amet eros. Suspendisse accumsan tortor quis turpis.', '11/30/2019');
insert into adoption (story_id, adopter_id, animal_id, rating, is_reviewed, content, posted_at) values (10, 216, 299, 3, false, 'Fusce posuere felis sed lacus. Morbi sem mauris, laoreet ut, rhoncus aliquet, pulvinar sed, nisl. Nunc rhoncus dui vel sem.', '12/2/2014');
insert into adoption (story_id, adopter_id, animal_id, rating, is_reviewed, content, posted_at) values (11, 731, 336, 7, true, 'Fusce consequat. Nulla nisl. Nunc nisl.', '2/24/2020');
insert into adoption (story_id, adopter_id, animal_id, rating, is_reviewed, content, posted_at) values (12, 916, 163, 8, true, 'In congue. Etiam justo. Etiam pretium iaculis justo.', '7/22/2024');
insert into adoption (story_id, adopter_id, animal_id, rating, is_reviewed, content, posted_at) values (13, 956, 131, 4, false, 'Aenean lectus. Pellentesque eget nunc. Donec quis orci eget orci vehicula condimentum.', '10/31/2003');
insert into adoption (story_id, adopter_id, animal_id, rating, is_reviewed, content, posted_at) values (14, 819, 605, 2, false, 'Praesent blandit. Nam nulla. Integer pede justo, lacinia eget, tincidunt eget, tempus vel, pede.', '9/19/2009');
insert into adoption (story_id, adopter_id, animal_id, rating, is_reviewed, content, posted_at) values (15, 903, 837, 6, false, 'Duis aliquam convallis nunc. Proin at turpis a pede posuere nonummy. Integer non velit.', '12/1/2001');
insert into adoption (story_id, adopter_id, animal_id, rating, is_reviewed, content, posted_at) values (16, 392, 750, 5, true, 'Nam ultrices, libero non mattis pulvinar, nulla pede ullamcorper augue, a suscipit nulla elit ac nulla. Sed vel enim sit amet nunc viverra dapibus. Nulla suscipit ligula in lacus.', '4/13/2016');
insert into adoption (story_id, adopter_id, animal_id, rating, is_reviewed, content, posted_at) values (17, 638, 386, 8, false, 'In quis justo. Maecenas rhoncus aliquam lacus. Morbi quis tortor id nulla ultrices aliquet.', '12/5/2004');
insert into adoption (story_id, adopter_id, animal_id, rating, is_reviewed, content, posted_at) values (18, 698, 808, 8, true, 'Phasellus sit amet erat. Nulla tempus. Vivamus in felis eu sapien cursus vestibulum.', '3/5/2011');
insert into adoption (story_id, adopter_id, animal_id, rating, is_reviewed, content, posted_at) values (19, 576, 434, 6, false, 'In quis justo. Maecenas rhoncus aliquam lacus. Morbi quis tortor id nulla ultrices aliquet.', '8/10/2025');
insert into adoption (story_id, adopter_id, animal_id, rating, is_reviewed, content, posted_at) values (20, 363, 315, 3, true, 'Morbi non lectus. Aliquam sit amet diam in magna bibendum imperdiet. Nullam orci pede, venenatis non, sodales sed, tincidunt eu, felis.', '11/10/2017');
insert into adoption (story_id, adopter_id, animal_id, rating, is_reviewed, content, posted_at) values (21, 86, 714, 3, true, 'Phasellus sit amet erat. Nulla tempus. Vivamus in felis eu sapien cursus vestibulum.', '4/24/2015');
insert into adoption (story_id, adopter_id, animal_id, rating, is_reviewed, content, posted_at) values (22, 526, 754, 7, true, 'In hac habitasse platea dictumst. Morbi vestibulum, velit id pretium iaculis, diam erat fermentum justo, nec condimentum neque sapien placerat ante. Nulla justo.', '12/8/2002');
insert into adoption (story_id, adopter_id, animal_id, rating, is_reviewed, content, posted_at) values (23, 827, 393, 7, true, 'Cras mi pede, malesuada in, imperdiet et, commodo vulputate, justo. In blandit ultrices enim. Lorem ipsum dolor sit amet, consectetuer adipiscing elit.', '10/20/2010');
insert into adoption (story_id, adopter_id, animal_id, rating, is_reviewed, content, posted_at) values (24, 120, 590, 4, true, 'In congue. Etiam justo. Etiam pretium iaculis justo.', '9/22/2004');
insert into adoption (story_id, adopter_id, animal_id, rating, is_reviewed, content, posted_at) values (25, 659, 609, 10, true, 'Nam ultrices, libero non mattis pulvinar, nulla pede ullamcorper augue, a suscipit nulla elit ac nulla. Sed vel enim sit amet nunc viverra dapibus. Nulla suscipit ligula in lacus.', '5/14/2008');
insert into adoption (story_id, adopter_id, animal_id, rating, is_reviewed, content, posted_at) values (26, 204, 12, 5, true, 'In sagittis dui vel nisl. Duis ac nibh. Fusce lacus purus, aliquet at, feugiat non, pretium quis, lectus.', '4/12/2018');
insert into adoption (story_id, adopter_id, animal_id, rating, is_reviewed, content, posted_at) values (27, 918, 905, 8, true, 'Cras non velit nec nisi vulputate nonummy. Maecenas tincidunt lacus at velit. Vivamus vel nulla eget eros elementum pellentesque.', '1/19/2023');
insert into adoption (story_id, adopter_id, animal_id, rating, is_reviewed, content, posted_at) values (28, 543, 858, 7, true, 'Pellentesque at nulla. Suspendisse potenti. Cras in purus eu magna vulputate luctus.', '8/16/2017');
insert into adoption (story_id, adopter_id, animal_id, rating, is_reviewed, content, posted_at) values (29, 710, 385, 10, true, 'Duis aliquam convallis nunc. Proin at turpis a pede posuere nonummy. Integer non velit.', '6/3/2009');
insert into adoption (story_id, adopter_id, animal_id, rating, is_reviewed, content, posted_at) values (30, 294, 409, 2, true, 'Aliquam quis turpis eget elit sodales scelerisque. Mauris sit amet eros. Suspendisse accumsan tortor quis turpis.', '5/25/2012');
insert into adoption (story_id, adopter_id, animal_id, rating, is_reviewed, content, posted_at) values (31, 20, 527, 4, true, 'Vestibulum quam sapien, varius ut, blandit non, interdum in, ante. Vestibulum ante ipsum primis in faucibus orci luctus et ultrices posuere cubilia Curae; Duis faucibus accumsan odio. Curabitur convallis.', '7/19/2007');
insert into adoption (story_id, adopter_id, animal_id, rating, is_reviewed, content, posted_at) values (32, 483, 257, 5, false, 'In quis justo. Maecenas rhoncus aliquam lacus. Morbi quis tortor id nulla ultrices aliquet.', '9/9/2021');
insert into adoption (story_id, adopter_id, animal_id, rating, is_reviewed, content, posted_at) values (33, 737, 997, 8, false, 'Donec diam neque, vestibulum eget, vulputate ut, ultrices vel, augue. Vestibulum ante ipsum primis in faucibus orci luctus et ultrices posuere cubilia Curae; Donec pharetra, magna vestibulum aliquet ultrices, erat tortor sollicitudin mi, sit amet lobortis sapien sapien non mi. Integer ac neque.', '1/24/2008');
insert into adoption (story_id, adopter_id, animal_id, rating, is_reviewed, content, posted_at) values (34, 796, 471, 9, true, 'Duis bibendum. Morbi non quam nec dui luctus rutrum. Nulla tellus.', '11/25/2020');
insert into adoption (story_id, adopter_id, animal_id, rating, is_reviewed, content, posted_at) values (35, 515, 910, 5, false, 'Morbi non lectus. Aliquam sit amet diam in magna bibendum imperdiet. Nullam orci pede, venenatis non, sodales sed, tincidunt eu, felis.', '10/4/2000');
insert into adoption (story_id, adopter_id, animal_id, rating, is_reviewed, content, posted_at) values (36, 138, 347, 2, true, 'Cras mi pede, malesuada in, imperdiet et, commodo vulputate, justo. In blandit ultrices enim. Lorem ipsum dolor sit amet, consectetuer adipiscing elit.', '4/6/2003');
insert into adoption (story_id, adopter_id, animal_id, rating, is_reviewed, content, posted_at) values (37, 658, 691, 9, false, 'Fusce consequat. Nulla nisl. Nunc nisl.', '11/16/2025');
insert into adoption (story_id, adopter_id, animal_id, rating, is_reviewed, content, posted_at) values (38, 954, 464, 10, true, 'Maecenas tristique, est et tempus semper, est quam pharetra magna, ac consequat metus sapien ut nunc. Vestibulum ante ipsum primis in faucibus orci luctus et ultrices posuere cubilia Curae; Mauris viverra diam vitae quam. Suspendisse potenti.', '5/28/2018');
insert into adoption (story_id, adopter_id, animal_id, rating, is_reviewed, content, posted_at) values (39, 105, 22, 7, false, 'Sed ante. Vivamus tortor. Duis mattis egestas metus.', '12/23/2006');
insert into adoption (story_id, adopter_id, animal_id, rating, is_reviewed, content, posted_at) values (40, 281, 67, 4, true, 'Praesent blandit. Nam nulla. Integer pede justo, lacinia eget, tincidunt eget, tempus vel, pede.', '4/27/2023');
