USE `paw-match-db`;

-- animal
insert into animal (animal_id, name, age_months, intake_date, status, species , breed, flagged) values (1, 'Two-toed tree sloth', 224, '12/22/2010', 'Medical Hold', 'Rabbit', 'Siamese Cat', false);
insert into animal (animal_id, name, age_months, intake_date, status, species , breed, flagged) values (2, 'Lion, steller''s sea', 125, '11/5/2004', 'Fostered', 'Cat', 'Golden Retriever', false);
insert into animal (animal_id, name, age_months, intake_date, status, species , breed, flagged) values (3, 'Salmon, sockeye', 108, '5/8/2018', 'Adopted', 'Rabbit', 'Persian Cat', true);
insert into animal (animal_id, name, age_months, intake_date, status, species , breed, flagged) values (4, 'Lemur, lesser mouse', 151, '12/13/2010', 'Adopted', 'Other', 'Golden Retriever', false);
insert into animal (animal_id, name, age_months, intake_date, status, species , breed, flagged) values (5, 'Booby, blue-faced', 92, '6/17/2003', 'Adopted', 'Cat', 'Golden Retriever', true);
insert into animal (animal_id, name, age_months, intake_date, status, species , breed, flagged) values (6, 'Blackbird, red-winged', 50, '10/22/2018', 'Pending Adoption', 'Other', 'Persian Cat', false);
insert into animal (animal_id, name, age_months, intake_date, status, species , breed, flagged) values (7, 'Lesser masked weaver', 184, '10/31/2003', 'Pending Adoption', 'Cat', 'Persian Cat', true);
insert into animal (animal_id, name, age_months, intake_date, status, species , breed, flagged) values (8, 'Heron, goliath', 169, '12/19/2009', 'Adopted', 'Other', 'Siamese Cat', false);
insert into animal (animal_id, name, age_months, intake_date, status, species , breed, flagged) values (9, 'Shark, blue', 114, '11/5/2014', 'Adopted', 'Dog', 'Siamese Cat', true);
insert into animal (animal_id, name, age_months, intake_date, status, species , breed, flagged) values (10, 'Striped hyena', 219, '3/18/2000', 'Available', 'Rabbit', 'Golden Retriever', true);
insert into animal (animal_id, name, age_months, intake_date, status, species , breed, flagged) values (11, 'African bush squirrel', 236, '9/14/2011', 'Pending Adoption', 'Other', 'German Shepherd', false);
insert into animal (animal_id, name, age_months, intake_date, status, species , breed, flagged) values (12, 'Ferret, black-footed', 202, '9/23/2011', 'Medical Hold', 'Rabbit', 'Labrador Retriever', true);
insert into animal (animal_id, name, age_months, intake_date, status, species , breed, flagged) values (13, 'Cape fox', 72, '4/25/2006', 'Medical Hold', 'Rabbit', 'German Shepherd', false);
insert into animal (animal_id, name, age_months, intake_date, status, species , breed, flagged) values (14, 'Rhea, common', 157, '4/13/2014', 'Medical Hold', 'Dog', 'Labrador Retriever', false);
insert into animal (animal_id, name, age_months, intake_date, status, species , breed, flagged) values (15, 'African polecat', 236, '1/28/2009', 'Available', 'Rabbit', 'German Shepherd', false);
insert into animal (animal_id, name, age_months, intake_date, status, species , breed, flagged) values (16, 'Zorro, common', 181, '12/5/2021', 'Available', 'Dog', 'Labrador Retriever', false);
insert into animal (animal_id, name, age_months, intake_date, status, species , breed, flagged) values (17, 'Wallaby, whip-tailed', 167, '4/25/2004', 'Adopted', 'Dog', 'Labrador Retriever', false);
insert into animal (animal_id, name, age_months, intake_date, status, species , breed, flagged) values (18, 'Pintail, bahama', 160, '1/21/2006', 'Fostered', 'Other', 'German Shepherd', true);
insert into animal (animal_id, name, age_months, intake_date, status, species , breed, flagged) values (19, 'Brindled gnu', 118, '1/25/2003', 'Available', 'Rabbit', 'Persian Cat', false);
insert into animal (animal_id, name, age_months, intake_date, status, species , breed, flagged) values (20, 'White-rumped vulture', 118, '7/14/2011', 'Pending Adoption', 'Dog', 'Persian Cat', false);
insert into animal (animal_id, name, age_months, intake_date, status, species , breed, flagged) values (21, 'Long-nosed bandicoot', 93, '12/3/2017', 'Adopted', 'Cat', 'Labrador Retriever', false);
insert into animal (animal_id, name, age_months, intake_date, status, species , breed, flagged) values (22, 'Lizard, blue-tongued', 11, '1/8/2012', 'Adopted', 'Dog', 'Siamese Cat', false);
insert into animal (animal_id, name, age_months, intake_date, status, species , breed, flagged) values (23, 'Spotted deer', 57, '12/18/2008', 'Pending Adoption', 'Rabbit', 'Labrador Retriever', false);
insert into animal (animal_id, name, age_months, intake_date, status, species , breed, flagged) values (24, 'Dove, mourning collared', 139, '12/21/2004', 'Adopted', 'Dog', 'Persian Cat', false);
insert into animal (animal_id, name, age_months, intake_date, status, species , breed, flagged) values (25, 'Snake, green vine', 112, '2/5/2011', 'Available', 'Cat', 'Persian Cat', false);
insert into animal (animal_id, name, age_months, intake_date, status, species , breed, flagged) values (26, 'Shelduck, european', 240, '9/10/2008', 'Pending Adoption', 'Dog', 'Persian Cat', false);
insert into animal (animal_id, name, age_months, intake_date, status, species , breed, flagged) values (27, 'Polecat, african', 84, '2/15/2005', 'Available', 'Dog', 'Labrador Retriever', false);
insert into animal (animal_id, name, age_months, intake_date, status, species , breed, flagged) values (28, 'Baleen whale', 209, '3/10/2006', 'Available', 'Other', 'German Shepherd', false);
insert into animal (animal_id, name, age_months, intake_date, status, species , breed, flagged) values (29, 'African fish eagle', 59, '8/18/2021', 'Pending Adoption', 'Rabbit', 'Siamese Cat', true);
insert into animal (animal_id, name, age_months, intake_date, status, species , breed, flagged) values (30, 'African clawless otter', 154, '10/23/2012', 'Fostered', 'Rabbit', 'German Shepherd', false);
insert into animal (animal_id, name, age_months, intake_date, status, species , breed, flagged) values (31, 'Dog, bush', 192, '4/17/2002', 'Available', 'Rabbit', 'Persian Cat', true);
insert into animal (animal_id, name, age_months, intake_date, status, species , breed, flagged) values (32, 'Goose, andean', 16, '1/9/2021', 'Fostered', 'Cat', 'Siamese Cat', false);
insert into animal (animal_id, name, age_months, intake_date, status, species , breed, flagged) values (33, 'Heron, gray', 165, '12/30/2018', 'Fostered', 'Rabbit', 'Persian Cat', false);
insert into animal (animal_id, name, age_months, intake_date, status, species , breed, flagged) values (34, 'Beaver, north american', 182, '5/18/2014', 'Pending Adoption', 'Other', 'German Shepherd', false);
insert into animal (animal_id, name, age_months, intake_date, status, species , breed, flagged) values (35, 'Goliath heron', 206, '1/3/2018', 'Fostered', 'Other', 'Siamese Cat', false);
insert into animal (animal_id, name, age_months, intake_date, status, species , breed, flagged) values (36, 'Waxbill, violet-eared', 110, '2/10/2019', 'Adopted', 'Rabbit', 'Siamese Cat', true);
insert into animal (animal_id, name, age_months, intake_date, status, species , breed, flagged) values (37, 'Sage grouse', 64, '7/2/2020', 'Pending Adoption', 'Cat', 'Siamese Cat', false);
insert into animal (animal_id, name, age_months, intake_date, status, species , breed, flagged) values (38, 'Sloth, pale-throated three-toed', 144, '2/28/2008', 'Fostered', 'Dog', 'Persian Cat', false);
insert into animal (animal_id, name, age_months, intake_date, status, species , breed, flagged) values (39, 'Vine snake (unidentified)', 136, '9/7/2013', 'Fostered', 'Cat', 'Persian Cat', true);
insert into animal (animal_id, name, age_months, intake_date, status, species , breed, flagged) values (40, 'Malleefowl', 225, '12/27/2017', 'Fostered', 'Rabbit', 'Siamese Cat', false);

-- adopter
insert into adopter (adopter_id, first_name, last_name, email, phone, address) values (1, 'Lelah', 'Knath', 'lknath0@theguardian.com', '194-408-8884', '0301 Onsgard Trail');
insert into adopter (adopter_id, first_name, last_name, email, phone, address) values (2, 'Brenda', 'Robbie', 'brobbie1@studiopress.com', '139-436-6760', '901 Schlimgen Avenue');
insert into adopter (adopter_id, first_name, last_name, email, phone, address) values (3, 'Dud', 'Ricciardo', 'dricciardo2@upenn.edu', '953-204-9328', '49584 Memorial Road');
insert into adopter (adopter_id, first_name, last_name, email, phone, address) values (4, 'Pauly', 'Doogood', 'pdoogood3@shinystat.com', '953-754-8939', '2308 Fairview Court');
insert into adopter (adopter_id, first_name, last_name, email, phone, address) values (5, 'Velma', 'Ondrak', 'vondrak4@acquirethisname.com', '924-611-8202', '317 Sage Trail');
insert into adopter (adopter_id, first_name, last_name, email, phone, address) values (6, 'Kylen', 'Kilmurry', 'kkilmurry5@thetimes.co.uk', '217-563-9671', '01302 Westridge Terrace');
insert into adopter (adopter_id, first_name, last_name, email, phone, address) values (7, 'Jillana', 'Foxton', 'jfoxton6@toplist.cz', '259-753-2658', '13757 Dexter Street');
insert into adopter (adopter_id, first_name, last_name, email, phone, address) values (8, 'Sophia', 'Fursse', 'sfursse7@etsy.com', '561-922-6964', '53 Dennis Court');
insert into adopter (adopter_id, first_name, last_name, email, phone, address) values (9, 'Milty', 'Pratt', 'mpratt8@meetup.com', '880-546-6434', '89521 Montana Lane');
insert into adopter (adopter_id, first_name, last_name, email, phone, address) values (10, 'Grier', 'Giacobazzi', 'ggiacobazzi9@toplist.cz', '338-380-7608', '273 Fisk Place');
insert into adopter (adopter_id, first_name, last_name, email, phone, address) values (11, 'Janka', 'Gillbe', 'jgillbea@booking.com', '533-643-5281', '1 4th Trail');
insert into adopter (adopter_id, first_name, last_name, email, phone, address) values (12, 'Finley', 'Vowell', 'fvowellb@wordpress.com', '419-219-5324', '21546 Declaration Circle');
insert into adopter (adopter_id, first_name, last_name, email, phone, address) values (13, 'Yale', 'Stears', 'ystearsc@merriam-webster.com', '300-274-2402', '5 Magdeline Avenue');
insert into adopter (adopter_id, first_name, last_name, email, phone, address) values (14, 'Leigha', 'Freeth', 'lfreethd@state.gov', '945-758-4840', '7 Springs Circle');
insert into adopter (adopter_id, first_name, last_name, email, phone, address) values (15, 'Konstantine', 'Moorcroft', 'kmoorcrofte@microsoft.com', '128-521-5948', '995 Amoth Street');
insert into adopter (adopter_id, first_name, last_name, email, phone, address) values (16, 'Andras', 'McMorland', 'amcmorlandf@flavors.me', '511-712-5694', '3770 Acker Point');
insert into adopter (adopter_id, first_name, last_name, email, phone, address) values (17, 'Laurens', 'Paulus', 'lpaulusg@unicef.org', '562-261-5269', '54 Kinsman Road');
insert into adopter (adopter_id, first_name, last_name, email, phone, address) values (18, 'Sylvan', 'Goulter', 'sgoulterh@shareasale.com', '485-179-7973', '2960 Esker Road');
insert into adopter (adopter_id, first_name, last_name, email, phone, address) values (19, 'Cassey', 'Crang', 'ccrangi@twitter.com', '866-748-2046', '9 Ludington Street');
insert into adopter (adopter_id, first_name, last_name, email, phone, address) values (20, 'Jock', 'Spenton', 'jspentonj@guardian.co.uk', '954-373-3784', '960 Merrick Hill');
insert into adopter (adopter_id, first_name, last_name, email, phone, address) values (21, 'Opalina', 'Belliard', 'obelliardk@delicious.com', '407-300-2952', '7 Bartelt Junction');
insert into adopter (adopter_id, first_name, last_name, email, phone, address) values (22, 'Coral', 'Bertome', 'cbertomel@live.com', '946-986-2305', '94 Graceland Way');
insert into adopter (adopter_id, first_name, last_name, email, phone, address) values (23, 'Danny', 'Daftor', 'ddaftorm@imageshack.us', '426-468-8957', '61 Lerdahl Lane');
insert into adopter (adopter_id, first_name, last_name, email, phone, address) values (24, 'Karlyn', 'Barbisch', 'kbarbischn@yahoo.com', '442-974-8474', '9459 Carioca Place');
insert into adopter (adopter_id, first_name, last_name, email, phone, address) values (25, 'Courtney', 'Hardson', 'chardsono@opensource.org', '640-214-6090', '70205 Warner Terrace');
insert into adopter (adopter_id, first_name, last_name, email, phone, address) values (26, 'Tedd', 'Smieton', 'tsmietonp@merriam-webster.com', '158-567-4944', '35341 Loftsgordon Hill');
insert into adopter (adopter_id, first_name, last_name, email, phone, address) values (27, 'Robinet', 'Chugg', 'rchuggq@redcross.org', '372-415-2188', '133 Mallard Drive');
insert into adopter (adopter_id, first_name, last_name, email, phone, address) values (28, 'Craig', 'Mityukov', 'cmityukovr@blog.com', '525-513-0028', '918 Lighthouse Bay Road');
insert into adopter (adopter_id, first_name, last_name, email, phone, address) values (29, 'Sonja', 'Giovanizio', 'sgiovanizios@sciencedaily.com', '134-146-1713', '76 Eagan Court');
insert into adopter (adopter_id, first_name, last_name, email, phone, address) values (30, 'Forbes', 'Quibell', 'fquibellt@woothemes.com', '751-699-3238', '57510 Hallows Hill');
insert into adopter (adopter_id, first_name, last_name, email, phone, address) values (31, 'Alasdair', 'London', 'alondonu@sohu.com', '428-684-0177', '46 Eagle Crest Drive');
insert into adopter (adopter_id, first_name, last_name, email, phone, address) values (32, 'Kassi', 'Orlton', 'korltonv@omniture.com', '443-372-6518', '29348 Forest Run Avenue');
insert into adopter (adopter_id, first_name, last_name, email, phone, address) values (33, 'Ynes', 'Reolfo', 'yreolfow@e-recht24.de', '582-568-9500', '6 Nova Avenue');
insert into adopter (adopter_id, first_name, last_name, email, phone, address) values (34, 'Jenilee', 'Paladino', 'jpaladinox@typepad.com', '695-690-6857', '6068 Bluejay Trail');
insert into adopter (adopter_id, first_name, last_name, email, phone, address) values (35, 'Britni', 'Billington', 'bbillingtony@so-net.ne.jp', '891-841-9630', '8 Huxley Crossing');
insert into adopter (adopter_id, first_name, last_name, email, phone, address) values (36, 'Bradney', 'Philippeaux', 'bphilippeauxz@4shared.com', '323-461-6501', '5222 Oneill Circle');
insert into adopter (adopter_id, first_name, last_name, email, phone, address) values (37, 'Isidora', 'Kehri', 'ikehri10@earthlink.net', '622-554-5411', '16261 Gulseth Hill');
insert into adopter (adopter_id, first_name, last_name, email, phone, address) values (38, 'Lotta', 'Marnane', 'lmarnane11@wsj.com', '757-791-3675', '3835 Florence Parkway');
insert into adopter (adopter_id, first_name, last_name, email, phone, address) values (39, 'Sibel', 'Lamont', 'slamont12@mapy.cz', '455-348-7719', '687 Beilfuss Court');
insert into adopter (adopter_id, first_name, last_name, email, phone, address) values (40, 'Laina', 'Karchewski', 'lkarchewski13@cornell.edu', '431-333-3384', '26 Garrison Avenue');

-- employee
insert into employee (employee_id, first_name, last_name, email, password, address, created_at) values (1, 'Felic', 'Gilfether', 'fgilfether0@myspace.com', 'sE1\}/~K|', '503 Mcbride Alley', '3/28/2025');
insert into employee (employee_id, first_name, last_name, email, password, address, created_at) values (2, 'Ethelda', 'Golby', 'egolby1@behance.net', 'qT4.FDQ?NNx\F''', '7863 Summerview Hill', '5/12/2025');
insert into employee (employee_id, first_name, last_name, email, password, address, created_at) values (3, 'Briney', 'Cluet', 'bcluet2@sitemeter.com', 'gR0.!ACgBb', '31895 Susan Point', '8/25/2025');
insert into employee (employee_id, first_name, last_name, email, password, address, created_at) values (4, 'Murdock', 'Samsonsen', 'msamsonsen3@wisc.edu', 'eE9+XNIH.6k', '97 Luster Way', '3/8/2025');
insert into employee (employee_id, first_name, last_name, email, password, address, created_at) values (5, 'Guilbert', 'Robbel', 'grobbel4@independent.co.uk', 'dA1(9+Qj_!', '7433 Corry Point', '4/17/2025');
insert into employee (employee_id, first_name, last_name, email, password, address, created_at) values (6, 'Ansell', 'Vaune', 'avaune5@gravatar.com', 'zX3{zGb<rU', '90 Waxwing Pass', '1/18/2025');
insert into employee (employee_id, first_name, last_name, email, password, address, created_at) values (7, 'Anselma', 'Drinkhall', 'adrinkhall6@a8.net', 'wO0,"e<+4', '5147 Prairie Rose Point', '2/23/2025');
insert into employee (employee_id, first_name, last_name, email, password, address, created_at) values (8, 'Ameline', 'Annis', 'aannis7@nhs.uk', 'wM0<eA/B@', '77199 Arkansas Alley', '12/15/2025');
insert into employee (employee_id, first_name, last_name, email, password, address, created_at) values (9, 'Gates', 'Wrigley', 'gwrigley8@disqus.com', 'xF1{BF5IL{', '44 Burrows Circle', '2/14/2025');
insert into employee (employee_id, first_name, last_name, email, password, address, created_at) values (10, 'Jaclyn', 'Balogh', 'jbalogh9@cargocollective.com', 'yH0*.,,|(y+)qD~M', '91 Butternut Parkway', '10/6/2025');
insert into employee (employee_id, first_name, last_name, email, password, address, created_at) values (11, 'Golda', 'Lauga', 'glaugaa@psu.edu', 'cB7#hX@aq\>wsr', '0 Lillian Street', '1/28/2025');
insert into employee (employee_id, first_name, last_name, email, password, address, created_at) values (12, 'Feodora', 'Gooderick', 'fgooderickb@dailymotion.com', 'zX6?XL)++xC', '42714 Vera Circle', '7/14/2025');
insert into employee (employee_id, first_name, last_name, email, password, address, created_at) values (13, 'Leilah', 'Haresnape', 'lharesnapec@istockphoto.com', 'kO1+nyGnZXvis(Iw', '207 Bobwhite Alley', '11/9/2025');
insert into employee (employee_id, first_name, last_name, email, password, address, created_at) values (14, 'Elliott', 'Copley', 'ecopleyd@livejournal.com', 'lG7$$ajJ', '49 Schmedeman Terrace', '1/28/2005');
insert into employee (employee_id, first_name, last_name, email, password, address, created_at) values (15, 'Teriann', 'Lighterness', 'tlighternesse@1688.com', 'bV9#R=N`qa+(', '2306 Lunder Plaza', '10/2/2025');
insert into employee (employee_id, first_name, last_name, email, password, address, created_at) values (16, 'Donovan', 'Rubra', 'drubraf@wordpress.org', 'zR6|1tRK', '92 Sloan Plaza', '9/12/2025');
insert into employee (employee_id, first_name, last_name, email, password, address, created_at) values (17, 'Kizzie', 'Walenta', 'kwalentag@tiny.cc', 'dV5%d''4q', '3745 Mariners Cove Avenue', '5/5/2025');
insert into employee (employee_id, first_name, last_name, email, password, address, created_at) values (18, 'Rouvin', 'Service', 'rserviceh@baidu.com', 'oP2?"~6_@kRA#Q', '924 Chinook Avenue', '9/14/2025');
insert into employee (employee_id, first_name, last_name, email, password, address, created_at) values (19, 'Ari', 'Skaife d''Ingerthorpe', 'askaifedingerthorpei@tiny.cc', 'gF8@v<XEt', '32505 Linden Way', '9/12/2025');
insert into employee (employee_id, first_name, last_name, email, password, address, created_at) values (20, 'Cortie', 'Grinley', 'cgrinleyj@themeforest.net', 'vD3"2F#16!m(', '0 Gateway Court', '4/17/2025');
insert into employee (employee_id, first_name, last_name, email, password, address, created_at) values (21, 'Grace', 'Faustin', 'gfaustink@istockphoto.com', 'uI9/@FQ?>{', '38 Leroy Point', '1/2/2024');
insert into employee (employee_id, first_name, last_name, email, password, address, created_at) values (22, 'Will', 'Ferras', 'wferrasl@wufoo.com', 'hS5"b._Mw%l%th', '3 Jenna Plaza', '4/15/2025');
insert into employee (employee_id, first_name, last_name, email, password, address, created_at) values (23, 'Sheba', 'Blueman', 'sbluemanm@nhs.uk', 'hH9|k5`hMjyU', '7763 Debra Junction', '9/18/2025');
insert into employee (employee_id, first_name, last_name, email, password, address, created_at) values (24, 'Ronnica', 'Stitfall', 'rstitfalln@ycombinator.com', 'yD5+bO<)', '697 8th Junction', '9/3/2025');
insert into employee (employee_id, first_name, last_name, email, password, address, created_at) values (25, 'Ced', 'Maryon', 'cmaryono@businessweek.com', 'fC6.!u"4/8Rrp1', '22 Sachs Drive', '10/21/2025');
insert into employee (employee_id, first_name, last_name, email, password, address, created_at) values (26, 'Clarine', 'Chatan', 'cchatanp@npr.org', 'fA3(=l%lDR4/{9T', '6387 Hermina Plaza', '2/21/2023');
insert into employee (employee_id, first_name, last_name, email, password, address, created_at) values (27, 'Miller', 'Garrud', 'mgarrudq@jimdo.com', 'hF8`*{i+$o', '77856 Superior Avenue', '8/11/2025');
insert into employee (employee_id, first_name, last_name, email, password, address, created_at) values (28, 'Dylan', 'Woodlands', 'dwoodlandsr@shutterfly.com', 'vM5*q`c"d', '672 Fieldstone Pass', '6/5/2025');
insert into employee (employee_id, first_name, last_name, email, password, address, created_at) values (29, 'Wylma', 'Marages', 'wmaragess@stanford.edu', 'nC5_+J4WEji', '93392 Buhler Road', '11/12/2025');
insert into employee (employee_id, first_name, last_name, email, password, address, created_at) values (30, 'Tuck', 'Aizikov', 'taizikovt@dion.ne.jp', 'fL2#G.{=~8q5B', '69066 Valley Edge Park', '5/2/2025');
insert into employee (employee_id, first_name, last_name, email, password, address, created_at) values (31, 'Bone', 'Goodhay', 'bgoodhayu@japanpost.jp', 'jQ5|W*>cJ', '040 Grayhawk Crossing', '7/23/2025');
insert into employee (employee_id, first_name, last_name, email, password, address, created_at) values (32, 'Gerome', 'Benard', 'gbenardv@about.com', 'jM7)N,X}', '44200 Hoffman Way', '5/16/2025');
insert into employee (employee_id, first_name, last_name, email, password, address, created_at) values (33, 'Denny', 'Serginson', 'dserginsonw@sourceforge.net', 'pD9`yH\n?y!lDVp', '42 Eagan Place', '11/17/2025');
insert into employee (employee_id, first_name, last_name, email, password, address, created_at) values (34, 'Virgina', 'Ogborn', 'vogbornx@bizjournals.com', 'aP0&}./pNd%a>x0r', '89 Debra Way', '7/3/2025');
insert into employee (employee_id, first_name, last_name, email, password, address, created_at) values (35, 'Torrey', 'Northern', 'tnortherny@wikispaces.com', 'lC0<f$A~mjz', '23 Claremont Pass', '3/16/2022');
insert into employee (employee_id, first_name, last_name, email, password, address, created_at) values (36, 'Desiri', 'Anslow', 'danslowz@springer.com', 'tB2}&)7rC', '189 Red Cloud Lane', '9/10/2025');
insert into employee (employee_id, first_name, last_name, email, password, address, created_at) values (37, 'Kirbee', 'Grishmanov', 'kgrishmanov10@ustream.tv', 'kF4}7#DQE0V9D2(', '59019 Logan Lane', '1/11/2024');
insert into employee (employee_id, first_name, last_name, email, password, address, created_at) values (38, 'Timi', 'Iannini', 'tiannini11@go.com', 'rX3(Hw@MT|?BYn@', '18 Ruskin Pass', '8/12/2025');
insert into employee (employee_id, first_name, last_name, email, password, address, created_at) values (39, 'Dorolice', 'Etherington', 'detherington12@kickstarter.com', 'cY5''fOKsljpvd))E', '844 Columbus Way', '4/22/2025');
insert into employee (employee_id, first_name, last_name, email, password, address, created_at) values (40, 'Dolley', 'Cheke', 'dcheke13@typepad.com', 'xN6!wLU)Wi~uT', '87288 Kinsman Junction', '5/8/2025');

-- employee_role
-- audit_log
insert into audit_log (log_id, animal_id, employee_id, adopter_id, action, old_value, new_value, field_changed, changed_at) values (1, 1, 1, 1, 'Updated', 'Medical check-up for dog named Max', 'Feeding schedule for rabbit named Floppy', 'breed', '10/27/2006');
insert into audit_log (log_id, animal_id, employee_id, adopter_id, action, old_value, new_value, field_changed, changed_at) values (2, 2, 2, 2, 'Created', 'Medical check-up for dog named Max', 'Adoption of cat named Whiskers', 'breed', '2/8/2023');
insert into audit_log (log_id, animal_id, employee_id, adopter_id, action, old_value, new_value, field_changed, changed_at) values (3, 3, 3, 3, 'Status Change', 'Playtime for guinea pig named Peanut', 'Feeding schedule for rabbit named Floppy', 'weight', '10/27/2012');
insert into audit_log (log_id, animal_id, employee_id, adopter_id, action, old_value, new_value, field_changed, changed_at) values (4, 4, 4, 4, 'Updated', 'Medical check-up for dog named Max', 'Medical check-up for dog named Max', 'weight', '8/25/2025');
insert into audit_log (log_id, animal_id, employee_id, adopter_id, action, old_value, new_value, field_changed, changed_at) values (5, 5, 5, 5, 'Status Change', 'Feeding schedule for rabbit named Floppy', 'Medical check-up for dog named Max', 'weight', '6/20/2025');
insert into audit_log (log_id, animal_id, employee_id, adopter_id, action, old_value, new_value, field_changed, changed_at) values (6, 6, 6, 6, 'Deleted', 'Medical check-up for dog named Max', 'Adoption of cat named Whiskers', 'adoption status', '10/5/2025');
insert into audit_log (log_id, animal_id, employee_id, adopter_id, action, old_value, new_value, field_changed, changed_at) values (7, 7, 7, 7, 'Status Change', 'Adoption of cat named Whiskers', 'Playtime for guinea pig named Peanut', 'weight', '8/26/2025');
insert into audit_log (log_id, animal_id, employee_id, adopter_id, action, old_value, new_value, field_changed, changed_at) values (8, 8, 8, 8, 'Updated', 'Feeding schedule for rabbit named Floppy', 'Feeding schedule for rabbit named Floppy', 'weight', '9/27/2025');
insert into audit_log (log_id, animal_id, employee_id, adopter_id, action, old_value, new_value, field_changed, changed_at) values (9, 9, 9, 9, 'Updated', 'Adoption of cat named Whiskers', 'Adoption of cat named Whiskers', 'age', '10/24/2025');
insert into audit_log (log_id, animal_id, employee_id, adopter_id, action, old_value, new_value, field_changed, changed_at) values (10, 10, 10, 10, 'Updated', 'Medical check-up for dog named Max', 'Medical check-up for dog named Max', 'breed', '8/13/2025');
insert into audit_log (log_id, animal_id, employee_id, adopter_id, action, old_value, new_value, field_changed, changed_at) values (11, 11, 11, 11, 'Updated', 'Adoption of cat named Whiskers', 'Feeding schedule for rabbit named Floppy', 'adoption status', '4/10/2021');
insert into audit_log (log_id, animal_id, employee_id, adopter_id, action, old_value, new_value, field_changed, changed_at) values (12, 12, 12, 12, 'Deleted', 'Adoption of cat named Whiskers', 'Medical check-up for dog named Max', 'breed', '9/12/2025');
insert into audit_log (log_id, animal_id, employee_id, adopter_id, action, old_value, new_value, field_changed, changed_at) values (13, 13, 13, 13, 'Created', 'Playtime for guinea pig named Peanut', 'Playtime for guinea pig named Peanut', 'breed', '1/29/2023');
insert into audit_log (log_id, animal_id, employee_id, adopter_id, action, old_value, new_value, field_changed, changed_at) values (14, 14, 14, 14, 'Created', 'Adoption of cat named Whiskers', 'Feeding schedule for rabbit named Floppy', 'breed', '2/24/2020');
insert into audit_log (log_id, animal_id, employee_id, adopter_id, action, old_value, new_value, field_changed, changed_at) values (15, 15, 15, 15, 'Deleted', 'Adoption of cat named Whiskers', 'Playtime for guinea pig named Peanut', 'adoption status', '6/19/2025');
insert into audit_log (log_id, animal_id, employee_id, adopter_id, action, old_value, new_value, field_changed, changed_at) values (16, 16, 16, 16, 'Updated', 'Adoption of cat named Whiskers', 'Medical check-up for dog named Max', 'weight', '4/4/2020');
insert into audit_log (log_id, animal_id, employee_id, adopter_id, action, old_value, new_value, field_changed, changed_at) values (17, 17, 17, 17, 'Deleted', 'Playtime for guinea pig named Peanut', 'Medical check-up for dog named Max', 'weight', '6/2/2001');
insert into audit_log (log_id, animal_id, employee_id, adopter_id, action, old_value, new_value, field_changed, changed_at) values (18, 18, 18, 18, 'Updated', 'Feeding schedule for rabbit named Floppy', 'Playtime for guinea pig named Peanut', 'age', '5/18/2025');
insert into audit_log (log_id, animal_id, employee_id, adopter_id, action, old_value, new_value, field_changed, changed_at) values (19, 19, 19, 19, 'Created', 'Medical check-up for dog named Max', 'Playtime for guinea pig named Peanut', 'name', '8/21/2025');
insert into audit_log (log_id, animal_id, employee_id, adopter_id, action, old_value, new_value, field_changed, changed_at) values (20, 20, 20, 20, 'Created', 'Medical check-up for dog named Max', 'Adoption of cat named Whiskers', 'age', '10/10/2025');
insert into audit_log (log_id, animal_id, employee_id, adopter_id, action, old_value, new_value, field_changed, changed_at) values (21, 21, 21, 21, 'Deleted', 'Feeding schedule for rabbit named Floppy', 'Adoption of cat named Whiskers', 'breed', '7/19/2025');
insert into audit_log (log_id, animal_id, employee_id, adopter_id, action, old_value, new_value, field_changed, changed_at) values (22, 22, 22, 22, 'Status Change', 'Medical check-up for dog named Max', 'Feeding schedule for rabbit named Floppy', 'age', '5/7/2025');
insert into audit_log (log_id, animal_id, employee_id, adopter_id, action, old_value, new_value, field_changed, changed_at) values (23, 23, 23, 23, 'Updated', 'Playtime for guinea pig named Peanut', 'Feeding schedule for rabbit named Floppy', 'breed', '3/13/2023');
insert into audit_log (log_id, animal_id, employee_id, adopter_id, action, old_value, new_value, field_changed, changed_at) values (24, 24, 24, 24, 'Updated', 'Playtime for guinea pig named Peanut', 'Medical check-up for dog named Max', 'adoption status', '5/31/2025');
insert into audit_log (log_id, animal_id, employee_id, adopter_id, action, old_value, new_value, field_changed, changed_at) values (25, 25, 25, 25, 'Created', 'Feeding schedule for rabbit named Floppy', 'Adoption of cat named Whiskers', 'breed', '4/22/2014');
insert into audit_log (log_id, animal_id, employee_id, adopter_id, action, old_value, new_value, field_changed, changed_at) values (26, 26, 26, 26, 'Created', 'Playtime for guinea pig named Peanut', 'Medical check-up for dog named Max', 'age', '2/27/2022');
insert into audit_log (log_id, animal_id, employee_id, adopter_id, action, old_value, new_value, field_changed, changed_at) values (27, 27, 27, 27, 'Status Change', 'Adoption of cat named Whiskers', 'Feeding schedule for rabbit named Floppy', 'adoption status', '2/24/2021');
insert into audit_log (log_id, animal_id, employee_id, adopter_id, action, old_value, new_value, field_changed, changed_at) values (28, 28, 28, 28, 'Created', 'Feeding schedule for rabbit named Floppy', 'Adoption of cat named Whiskers', 'name', '10/14/2025');
insert into audit_log (log_id, animal_id, employee_id, adopter_id, action, old_value, new_value, field_changed, changed_at) values (29, 29, 29, 29, 'Created', 'Playtime for guinea pig named Peanut', 'Adoption of cat named Whiskers', 'name', '9/7/2025');
insert into audit_log (log_id, animal_id, employee_id, adopter_id, action, old_value, new_value, field_changed, changed_at) values (30, 30, 30, 30, 'Deleted', 'Feeding schedule for rabbit named Floppy', 'Playtime for guinea pig named Peanut', 'age', '4/5/2007');
insert into audit_log (log_id, animal_id, employee_id, adopter_id, action, old_value, new_value, field_changed, changed_at) values (31, 31, 31, 31, 'Created', 'Playtime for guinea pig named Peanut', 'Playtime for guinea pig named Peanut', 'adoption status', '4/4/2020');
insert into audit_log (log_id, animal_id, employee_id, adopter_id, action, old_value, new_value, field_changed, changed_at) values (32, 32, 32, 32, 'Deleted', 'Medical check-up for dog named Max', 'Medical check-up for dog named Max', 'name', '10/12/2025');
insert into audit_log (log_id, animal_id, employee_id, adopter_id, action, old_value, new_value, field_changed, changed_at) values (33, 33, 33, 33, 'Status Change', 'Medical check-up for dog named Max', 'Playtime for guinea pig named Peanut', 'weight', '2/3/2016');
insert into audit_log (log_id, animal_id, employee_id, adopter_id, action, old_value, new_value, field_changed, changed_at) values (34, 34, 34, 34, 'Status Change', 'Adoption of cat named Whiskers', 'Feeding schedule for rabbit named Floppy', 'weight', '8/24/2025');
insert into audit_log (log_id, animal_id, employee_id, adopter_id, action, old_value, new_value, field_changed, changed_at) values (35, 35, 35, 35, 'Updated', 'Medical check-up for dog named Max', 'Playtime for guinea pig named Peanut', 'adoption status', '8/29/2025');
insert into audit_log (log_id, animal_id, employee_id, adopter_id, action, old_value, new_value, field_changed, changed_at) values (36, 36, 36, 36, 'Created', 'Feeding schedule for rabbit named Floppy', 'Medical check-up for dog named Max', 'adoption status', '7/9/2025');
insert into audit_log (log_id, animal_id, employee_id, adopter_id, action, old_value, new_value, field_changed, changed_at) values (37, 37, 37, 37, 'Updated', 'Playtime for guinea pig named Peanut', 'Medical check-up for dog named Max', 'name', '10/23/2025');
insert into audit_log (log_id, animal_id, employee_id, adopter_id, action, old_value, new_value, field_changed, changed_at) values (38, 38, 38, 38, 'Created', 'Feeding schedule for rabbit named Floppy', 'Medical check-up for dog named Max', 'breed', '3/7/2015');
insert into audit_log (log_id, animal_id, employee_id, adopter_id, action, old_value, new_value, field_changed, changed_at) values (39, 39, 39, 39, 'Deleted', 'Feeding schedule for rabbit named Floppy', 'Feeding schedule for rabbit named Floppy', 'adoption status', '9/9/2025');
insert into audit_log (log_id, animal_id, employee_id, adopter_id, action, old_value, new_value, field_changed, changed_at) values (40, 40, 40, 40, 'Updated', 'Adoption of cat named Whiskers', 'Medical check-up for dog named Max', 'adoption status', '1/24/2020');

-- application
insert into application (application_id, adopter_id, animal_id, status, notes, submission_date, decision_date) values (1, 1, 1, 'Completed', 'Loves belly rubs', '5/28/2006', '4/15/2025');
insert into application (application_id, adopter_id, animal_id, status, notes, submission_date, decision_date) values (2, 2, 2, 'Under Review', 'Needs a yard to run', '8/31/2023', '4/15/2025');
insert into application (application_id, adopter_id, animal_id, status, notes, submission_date, decision_date) values (3, 3, 3, 'Pending', 'Loves belly rubs', '4/2/2012', '4/15/2025');
insert into application (application_id, adopter_id, animal_id, status, notes, submission_date, decision_date) values (4, 4, 4, 'Approved', 'Needs a yard to run', '4/26/2020', '4/15/2025');
insert into application (application_id, adopter_id, animal_id, status, notes, submission_date, decision_date) values (5, 5, 5, 'Pending', 'Shy at first', '5/10/2004', '4/15/2025');
insert into application (application_id, adopter_id, animal_id, status, notes, submission_date, decision_date) values (6, 6, 6, 'Denied', 'Needs a yard to run', '6/9/2011', '4/15/2025');
insert into application (application_id, adopter_id, animal_id, status, notes, submission_date, decision_date) values (7, 7, 7, 'Approved', 'House trained', '7/11/2022', '4/15/2025');
insert into application (application_id, adopter_id, animal_id, status, notes, submission_date, decision_date) values (8, 8, 8, 'Denied', 'Good with kids', '4/24/2006', '4/15/2025');
insert into application (application_id, adopter_id, animal_id, status, notes, submission_date, decision_date) values (9, 9, 9, 'Pending', 'House trained', '2/1/2024', '4/15/2025');
insert into application (application_id, adopter_id, animal_id, status, notes, submission_date, decision_date) values (10, 10, 10, 'Under Review', 'House trained', '8/10/2016', '4/15/2025');
insert into application (application_id, adopter_id, animal_id, status, notes, submission_date, decision_date) values (11, 11, 11, 'Under Review', 'Needs a yard to run', '11/10/2024', '4/15/2025');
insert into application (application_id, adopter_id, animal_id, status, notes, submission_date, decision_date) values (12, 12, 12, 'Withdrawn', 'House trained', '8/2/2008', '4/15/2025');
insert into application (application_id, adopter_id, animal_id, status, notes, submission_date, decision_date) values (13, 13, 13, 'Approved', 'Loves belly rubs', '6/3/2018', '4/15/2025');
insert into application (application_id, adopter_id, animal_id, status, notes, submission_date, decision_date) values (14, 14, 14, 'Approved', 'House trained', '8/11/2018', '4/15/2025');
insert into application (application_id, adopter_id, animal_id, status, notes, submission_date, decision_date) values (15, 15, 15, 'Completed', 'Loves belly rubs', '2/5/2003', '4/15/2025');
insert into application (application_id, adopter_id, animal_id, status, notes, submission_date, decision_date) values (16, 16, 16, 'Under Review', 'Shy at first', '7/16/2006', '4/15/2025');
insert into application (application_id, adopter_id, animal_id, status, notes, submission_date, decision_date) values (17, 17, 17, 'Approved', 'Good with kids', '10/8/2005', '4/15/2025');
insert into application (application_id, adopter_id, animal_id, status, notes, submission_date, decision_date) values (18, 18, 18, 'Denied', 'House trained', '6/5/2000', '4/15/2025');
insert into application (application_id, adopter_id, animal_id, status, notes, submission_date, decision_date) values (19, 19, 19, 'Withdrawn', 'Good with kids', '4/28/2021', '4/15/2025');
insert into application (application_id, adopter_id, animal_id, status, notes, submission_date, decision_date) values (20, 20, 20, 'Withdrawn', 'Loves belly rubs', '3/25/2020', '4/15/2025');
insert into application (application_id, adopter_id, animal_id, status, notes, submission_date, decision_date) values (21, 21, 21, 'Completed', 'Good with kids', '6/11/2006', '4/15/2025');
insert into application (application_id, adopter_id, animal_id, status, notes, submission_date, decision_date) values (22, 22, 22, 'Pending', 'Good with kids', '11/15/2007', '4/15/2025');
insert into application (application_id, adopter_id, animal_id, status, notes, submission_date, decision_date) values (23, 23, 23, 'Approved', 'Good with kids', '10/7/2004', '4/15/2025');
insert into application (application_id, adopter_id, animal_id, status, notes, submission_date, decision_date) values (24, 24, 24, 'Withdrawn', 'Shy at first', '9/7/2024', '4/15/2025');
insert into application (application_id, adopter_id, animal_id, status, notes, submission_date, decision_date) values (25, 25, 25, 'Under Review', 'House trained', '6/6/2011', '4/15/2025');
insert into application (application_id, adopter_id, animal_id, status, notes, submission_date, decision_date) values (26, 26, 26, 'Withdrawn', 'Shy at first', '3/11/2022', '4/15/2025');
insert into application (application_id, adopter_id, animal_id, status, notes, submission_date, decision_date) values (27, 27, 27, 'Approved', 'Shy at first', '3/23/2016', '4/15/2025');
insert into application (application_id, adopter_id, animal_id, status, notes, submission_date, decision_date) values (28, 28, 28, 'Approved', 'Shy at first', '1/7/2019', '4/15/2025');
insert into application (application_id, adopter_id, animal_id, status, notes, submission_date, decision_date) values (29, 29, 29, 'Completed', 'Needs a yard to run', '3/29/2004', '4/15/2025');
insert into application (application_id, adopter_id, animal_id, status, notes, submission_date, decision_date) values (30, 30, 30, 'Pending', 'Good with kids', '2/28/2003', '4/15/2025');


-- medical_record
insert into medical_record (record_id, notes, practitioner_name, admin_date, category, animal_id) values (1, 'Vomiting after meals', 'Jane Smith', '10/13/2012', 'Medication', 1);
insert into medical_record (record_id, notes, practitioner_name, admin_date, category, animal_id) values (2, 'Vomiting after meals', 'Michael Johnson', '3/15/2013', 'Checkup', 2);
insert into medical_record (record_id, notes, practitioner_name, admin_date, category, animal_id) values (3, 'Limping on left hind leg', 'Robert Brown', '4/2/2008', 'Medication', 3);
insert into medical_record (record_id, notes, practitioner_name, admin_date, category, animal_id) values (4, 'Heart rate normal', 'Emily Davis', '4/18/2012', 'Checkup', 4);
insert into medical_record (record_id, notes, practitioner_name, admin_date, category, animal_id) values (5, 'Heart rate normal', 'Emily Davis', '12/17/2014', 'Vaccination', 5);
insert into medical_record (record_id, notes, practitioner_name, admin_date, category, animal_id) values (6, 'Vomiting after meals', 'Michael Johnson', '6/22/2011', 'Medication', 6);
insert into medical_record (record_id, notes, practitioner_name, admin_date, category, animal_id) values (7, 'Loss of appetite', 'Michael Johnson', '1/26/2018', 'Surgery', 7);
insert into medical_record (record_id, notes, practitioner_name, admin_date, category, animal_id) values (8, 'Sneezing frequently', 'Michael Johnson', '5/19/2019', 'Treatment', 8);
insert into medical_record (record_id, notes, practitioner_name, admin_date, category, animal_id) values (9, 'Sneezing frequently', 'Emily Davis', '8/8/2018', 'Vaccination', 9);
insert into medical_record (record_id, notes, practitioner_name, admin_date, category, animal_id) values (10, 'Heart rate normal', 'Robert Brown', '11/25/2025', 'Spray/Neuter', 10);
insert into medical_record (record_id, notes, practitioner_name, admin_date, category, animal_id) values (11, 'Vomiting after meals', 'Jane Smith', '2/11/2007', 'Spray/Neuter', 11);
insert into medical_record (record_id, notes, practitioner_name, admin_date, category, animal_id) values (12, 'Sneezing frequently', 'John Doe', '8/24/2022', 'Checkup', 12);
insert into medical_record (record_id, notes, practitioner_name, admin_date, category, animal_id) values (13, 'Limping on left hind leg', 'Robert Brown', '2/18/2005', 'Spray/Neuter', 13);
insert into medical_record (record_id, notes, practitioner_name, admin_date, category, animal_id) values (14, 'Vomiting after meals', 'Michael Johnson', '1/19/2007', 'Surgery', 14);
insert into medical_record (record_id, notes, practitioner_name, admin_date, category, animal_id) values (15, 'Heart rate normal', 'Michael Johnson', '9/24/2001', 'Vaccination', 15);
insert into medical_record (record_id, notes, practitioner_name, admin_date, category, animal_id) values (16, 'Limping on left hind leg', 'John Doe', '11/30/2000', 'Treatment', 16);
insert into medical_record (record_id, notes, practitioner_name, admin_date, category, animal_id) values (17, 'Limping on left hind leg', 'John Doe', '3/30/2024', 'Treatment', 17);
insert into medical_record (record_id, notes, practitioner_name, admin_date, category, animal_id) values (18, 'Vomiting after meals', 'John Doe', '12/14/2008', 'Treatment', 18);
insert into medical_record (record_id, notes, practitioner_name, admin_date, category, animal_id) values (19, 'Limping on left hind leg', 'Jane Smith', '1/18/2024', 'Checkup', 19);
insert into medical_record (record_id, notes, practitioner_name, admin_date, category, animal_id) values (20, 'Loss of appetite', 'Jane Smith', '1/9/2016', 'Vaccination', 20);
insert into medical_record (record_id, notes, practitioner_name, admin_date, category, animal_id) values (21, 'Vomiting after meals', 'Michael Johnson', '12/18/2005', 'Surgery', 21);
insert into medical_record (record_id, notes, practitioner_name, admin_date, category, animal_id) values (22, 'Vomiting after meals', 'Jane Smith', '11/24/2001', 'Spray/Neuter', 22);
insert into medical_record (record_id, notes, practitioner_name, admin_date, category, animal_id) values (23, 'Limping on left hind leg', 'Emily Davis', '2/24/2020', 'Surgery', 23);
insert into medical_record (record_id, notes, practitioner_name, admin_date, category, animal_id) values (24, 'Loss of appetite', 'John Doe', '11/18/2024', 'Vaccination', 24);
insert into medical_record (record_id, notes, practitioner_name, admin_date, category, animal_id) values (25, 'Loss of appetite', 'Michael Johnson', '2/18/2005', 'Medication', 25);
insert into medical_record (record_id, notes, practitioner_name, admin_date, category, animal_id) values (26, 'Loss of appetite', 'Emily Davis', '3/23/2002', 'Surgery', 26);
insert into medical_record (record_id, notes, practitioner_name, admin_date, category, animal_id) values (27, 'Heart rate normal', 'Robert Brown', '10/13/2000', 'Surgery', 27);
insert into medical_record (record_id, notes, practitioner_name, admin_date, category, animal_id) values (28, 'Vomiting after meals', 'Emily Davis', '3/20/2018', 'Vaccination', 28);
insert into medical_record (record_id, notes, practitioner_name, admin_date, category, animal_id) values (29, 'Sneezing frequently', 'Robert Brown', '7/18/2007', 'Vaccination', 29);
insert into medical_record (record_id, notes, practitioner_name, admin_date, category, animal_id) values (30, 'Vomiting after meals', 'Jane Smith', '11/21/2005', 'Vaccination', 30);
insert into medical_record (record_id, notes, practitioner_name, admin_date, category, animal_id) values (31, 'Heart rate normal', 'Jane Smith', '10/3/2006', 'Surgery', 31);
insert into medical_record (record_id, notes, practitioner_name, admin_date, category, animal_id) values (32, 'Vomiting after meals', 'Robert Brown', '1/9/2006', 'Vaccination', 32);
insert into medical_record (record_id, notes, practitioner_name, admin_date, category, animal_id) values (33, 'Loss of appetite', 'Jane Smith', '11/9/2020', 'Surgery', 33);
insert into medical_record (record_id, notes, practitioner_name, admin_date, category, animal_id) values (34, 'Limping on left hind leg', 'Michael Johnson', '10/20/2023', 'Checkup', 34);
insert into medical_record (record_id, notes, practitioner_name, admin_date, category, animal_id) values (35, 'Vomiting after meals', 'Michael Johnson', '8/12/2001', 'Medication', 35);
insert into medical_record (record_id, notes, practitioner_name, admin_date, category, animal_id) values (36, 'Heart rate normal', 'John Doe', '11/18/2010', 'Treatment', 36);
insert into medical_record (record_id, notes, practitioner_name, admin_date, category, animal_id) values (37, 'Loss of appetite', 'John Doe', '3/6/2008', 'Surgery', 37);
insert into medical_record (record_id, notes, practitioner_name, admin_date, category, animal_id) values (38, 'Heart rate normal', 'Michael Johnson', '1/16/2020', 'Medication', 38);
insert into medical_record (record_id, notes, practitioner_name, admin_date, category, animal_id) values (39, 'Heart rate normal', 'Michael Johnson', '3/3/2005', 'Surgery', 39);
insert into medical_record (record_id, notes, practitioner_name, admin_date, category, animal_id) values (40, 'Heart rate normal', 'Robert Brown', '12/19/2015', 'Treatment', 40);

-- foster_placement
-- compatibility_quiz
-- quiz_rec
-- report_template
-- monthly_report
-- adoption
-- meet_appointment
-- success_story

